pattern,cluster,sites,n_sites,folds
CYS_CYS_CYS_CYS,>Cluster 1,5w65_5;5m64_2;5m5x_1;5m5y_5;5m5w_3;5w66_2;5m3f_2;5n61_7,8,fold_1
CYS_CYS_CYS_CYS,>Cluster 2,5b2o_13,1,fold_2
CYS_CYS_CYS_CYS,>Cluster 3,4gzy_2,1,fold_3
CYS_CYS_CYS_CYS,>Cluster 4,2ppb_3;1ynn_1;4xlp_2;4xlp_4;5tmf_3;5tjg_2;2o5i_2;4g7z_6;1smy_197;3dxj_2;3dxj_5;4xln_2;4g7h_11;4g7h_12;3aoh_5;3dxj_6;3dxj_7;4xlq_2;4xlq_4;2a68_348;1smy_43;2a68_196;3dxj_2;3dxj_5;3dxj_6;3dxj_7;4g7o_2;5tmc_4;4oiq_3;4mq9_3;4g7o_5;5d4d_6;4xlp_2;4xlp_4;2o5j_5;4g7z_1;4g7z_4;4xlr_3;1ynj_2;5voi_3;5vo8_3;5d4c_1;5d4c_13;5d4e_2;5d4c_1;5d4c_13;4wqs_2;2cw0_4;4xln_1;4xlq_2;4xlq_4;4g7h_11;4g7h_12;3eql_2;4g7z_1;4g7z_4;2cw0_6;4g7h_13;4s20_3;4jkr_3;4jkr_12;6b6h_1;4ylp_2;4yfk_1;4yln_6;5uaq_2;5uaq_5;4ylo_7;4lk0_5;4igc_3;4ljz_1;4mey_6;4yfn_3;4yfn_4;4llg_2;4jk2_1;4llg_3;4mey_5;5uag_3;5w1t_7;4jk1_2;5uaq_2;5uaq_5;4ylp_6;4yfx_1;4yfx_5;6alg_2;6alg_3;6alg_2;6alg_3;4zh2_2;5uah_6;5w1s_6;5uac_1;5uac_5;4yfx_1;4yfx_5;5ui8_1;5uah_8;5uag_5;4yfn_1;4yfx_2;4mex_1;4ylo_8;4yfn_3;4yfn_4;4kn4_1;4yg2_8;5uac_1;5uac_5;5tw1_2;5uha_1;5uha_2;5uha_1;5uha_2;5uh8_1;5uhb_2;5uh6_1;5uh5_2;5uh5_3;5uh9_2;5uhe_1;5uh5_2;5uh5_3,124,fold_4
CYS_CYS_CYS_CYS,>Cluster 6,4m8o_1,1,fold_1
CYS_CYS_CYS_CYS,>Cluster 7,6a5o_3;3hox_7;3s1n_9;2b63_2;3po3_5;2r7z_4;1i50_2;3k1f_9;3rzd_2;5fyw_11;4by7_9;2nvt_4;1k83_7;3rzo_6;4a3b_3;3i4m_9;4x67_2;1r9t_7;1twa_7;1wcm_1;3gtm_4;2yu9_3;5c4a_7;3cqz_4;3s2h_8;3s1q_9;3gtp_7;3gtl_5;3how_8;2nvy_7;5c4x_1;2e2j_6;1twg_3;2r92_9;5ot2_7;3fki_7;3i4n_1;3hoz_5;3gtq_1;3s16_3;3qt1_2;3hou_4;3gtg_1;4y7n_5;1i6h_3;2nvq_9;1twf_3;4a93_5;4y52_3;3gtj_7;1i3q_9;3h3v_6;1y1v_5;2vum_9;1twc_1;5iy6_5;5iy8_4;5iyb_7;5iy9_2,59,fold_2
CYS_CYS_CYS_CYS,>Cluster 8,5n61_4;5m64_6;5m5x_3;5m5w_4;4c3h_2;5m5y_6;5w65_4;5w66_1;5m3f_6;5w64_6,10,fold_3
CYS_CYS_CYS_CYS,>Cluster 9,4ddx_1;4ddx_3;4ddx_1;4ddx_3;4ddt_1;4ddw_2,6,fold_4
CYS_CYS_CYS_CYS,>Cluster 11,3f2d_1,1,fold_1
CYS_CYS_CYS_CYS,>Cluster 12,3zqj_13;3zqj_4;3zqj_14;3zqj_5;3zqj_12;3zqj_3;3zqj_6;3zqj_14;3zqj_5;3zqj_13;3zqj_4;3zqj_12;3zqj_3;2r6f_6;3pih_2;3pih_3;3pih_2;3pih_3;2vf7_2;2vf7_4;2vf7_6;2vf7_2;2vf7_4;2vf8_2;2vf8_4;2vf7_7;2vf8_2;2vf8_4,28,fold_2
CYS_CYS_CYS_CYS,>Cluster 13,5vk3_2;5kjh_3;5bjs_2;5kji_4,4,fold_3
CYS_CYS_CYS_CYS,>Cluster 14,1m2v_1,1,fold_4
CYS_CYS_CYS_CYS,>Cluster 16,4rul_1;4rul_2;4rul_3;4rul_1;4rul_2;4rul_3;4rul_1;4rul_2;4rul_3,9,fold_1
CYS_CYS_CYS_CYS,>Cluster 17,1gax_2;1gax_4,2,fold_2
CYS_CYS_CYS_CYS,>Cluster 18,1ile_1;1ile_2;1jzq_2;1ile_1;1ile_2,5,fold_3
CYS_CYS_CYS_CYS,>Cluster 19,2nvu_1;1yov_2;1yov_1;3dbh_4;3dbr_2;3dbh_1;3dbh_2;3dbr_4;3dbl_1;3dbh_3;1tt5_1;3dbr_1;1tt5_2;3dbl_3;1r4m_1,15,fold_4
CYS_CYS_CYS_CYS,>Cluster 21,5ceh_1;5a3n_3;5fz0_3;5a1f_2;5fwj_10;2mny_2,6,fold_1
CYS_CYS_CYS_CYS,>Cluster 22,4bs9_1;4v1v_3,2,fold_2
CYS_CYS_CYS_CYS,>Cluster 23,4g9i_1;4g9i_10;4g9i_12;4g9i_4;4g9i_16;4g9i_5;4g9i_16;4g9i_5;3vti_5;3vth_2;3tsq_3;3tsu_3;3tsu_4;3tsu_3;3tsu_4;3tsp_1,16,fold_3
CYS_CYS_CYS_CYS,>Cluster 24,2nup_1;2nut_1;1m2v_2;1m2o_2;5kyy_2;5kyx_2;3efo_2;5kyn_2;5kyw_2;5vni_1;5vnk_2;5vnh_2;5vnn_1;2yrc_1;2yrd_1,15,fold_4
CYS_CYS_CYS_CYS,>Cluster 26,4nl8_1,1,fold_1
CYS_CYS_CYS_CYS,>Cluster 27,5jc7_3;4gl2_1;4gl2_2;3zd7_1;2ykg_1;3zd6_1;5f98_9;5f9f_11;5f98_1;5f98_12;3tmi_1;5e3h_4;5f98_5;5f98_4;5f9f_3;5f9h_14;5f98_2;4ay2_1;5jbj_1;2rqb_1;3ga3_1,21,fold_2
CYS_CYS_CYS_CYS,>Cluster 28,4h4k_1;3ur3_2;3ung_1;4doz_1,4,fold_3
CYS_CYS_CYS_CYS,>Cluster 29,4oif_1,1,fold_4
CYS_CYS_CYS_CYS,>Cluster 31,2owo_1;1dgs_1;1dgs_2;1v9p_1;1v9p_2,5,fold_1
CYS_CYS_CYS_CYS,>Cluster 32,4gua_1,1,fold_2
CYS_CYS_CYS_CYS,>Cluster 33,1kwg_1,1,fold_3
CYS_CYS_CYS_CYS,>Cluster 34,1y8r_4;1y8q_3;1y8q_4;1y8r_3,4,fold_4
CYS_CYS_CYS_CYS,>Cluster 36,5u7g_3;5u7g_8;4bhw_2;4bhw_4;4bhw_2;4bhw_4;5lkz_1;5lkt_4;5i8g_1;2n1a_1;1tot_1,11,fold_1
CYS_CYS_CYS_CYS,>Cluster 37,4gsl_1;4gsk_2;4gsk_1,3,fold_2
CYS_CYS_CYS_CYS,>Cluster 38,4kc9_1;4kc9_3;4kc9_5;4kc9_1;4kc9_3;4kc9_5;4kc9_1;4kc9_3;4kc9_5;4kbl_11;4kbl_5;4kbl_11;4kbl_5;4kbl_12;4kbl_2;4kbl_12;4kbl_2;2m9y_1;1wd2_1,19,fold_3
CYS_CYS_CYS_CYS,>Cluster 39,3aii_1,1,fold_4
CYS_CYS_CYS_CYS,>Cluster 41,4k86_1;4k87_1;5f9z_2;1h4q_1,4,fold_1
CYS_CYS_CYS_CYS,>Cluster 42,4qeo_1;4qep_2;2rfi_2;3sw9_2;3sw9_4;3fpd_2;5f6k_2,7,fold_2
CYS_CYS_CYS_CYS,>Cluster 43,2v9k_1,1,fold_3
CYS_CYS_CYS_CYS,>Cluster 44,3puq_6;3n9p_1;3n9n_3;3kv4_1,4,fold_4
CYS_CYS_CYS_CYS,>Cluster 46,4pys_2;4pys_1,2,fold_1
CYS_CYS_CYS_CYS,>Cluster 47,5cd4_2;5h9e_1,2,fold_2
CYS_CYS_CYS_CYS,>Cluster 48,3n71_1;3n71_3;3n71_1;3n71_3;3rib_4;3rib_5;3rib_1;3rib_4;3rib_5;3tg5_3;3s7j_1;5arf_2;3qwv_2;5arg_3,14,fold_3
CYS_CYS_CYS_CYS,>Cluster 49,3al0_1;3h0l_1;3h0l_5,3,fold_4
CYS_CYS_CYS_CYS,>Cluster 51,3e00_4;3dzu_1;3dzy_4;4nqa_4;4nqa_5;4nqa_6;4nqa_4;4nqa_5;5uan_2;4iqr_6;4iqr_7;1ynw_1;1ynw_2;1ynw_1;1ynw_2;1rxr_1;1rxr_2;1rxr_1;1rxr_2;1by4_1;1by4_2;1by4_6;1by4_8;1by4_3;1by4_7;1by4_6;1by4_8;1by4_4;1by4_5;1by4_3;1by4_7;1by4_1;1by4_2;1by4_4;1by4_5;1r0n_1;1r0n_4;1r0n_1;1r0n_4;2nll_2,40,fold_1
CYS_CYS_CYS_CYS,>Cluster 52,4u7p_1;4u7p_2;4u7p_1;4u7p_2;4u7t_1;2pvc_1;2pvc_2;2pvc_6;2pv0_1;2pv0_3;2pv0_8;2pv0_1;2pv0_3;2pv0_8;2pv0_1;2pv0_3;2pv0_8;2pv0_2;2pv0_5;2pv0_7;2pv0_9;2pv0_2;2pv0_5;2pv0_7;2pvc_1;2pvc_2;2pvc_6;2pvc_1;2pvc_2;2pvc_6;2pvc_7;2pv0_2;2pv0_5;2pv0_7;3a1a_2;4qbs_1,36,fold_2
CYS_CYS_CYS_CYS,>Cluster 53,3oxg_3;3oxf_6;3oxf_2;3mek_2;3oxl_1,5,fold_3
CYS_CYS_CYS_CYS,>Cluster 54,5ix1_3;5ix2_4;5ix1_2;2e61_1;5svi_1,5,fold_4
CYS_CYS_CYS_CYS,>Cluster 56,5iy9_8;5iyb_4;5iy6_2,3,fold_1
CYS_CYS_CYS_CYS,>Cluster 57,5fqd_1;5hxb_1,2,fold_2
CYS_CYS_CYS_CYS,>Cluster 58,4mhq_1;4bpx_1;4bpu_1;5exr_4;5exr_8;4rr2_1;4lil_2,7,fold_3
CYS_CYS_CYS_CYS,>Cluster 59,4zyn_11;4zyn_6;4zyn_2;4zyn_8;4zyn_2;4zyn_8;4zyn_11;4zyn_6;5c23_4;5c9v_3;4k7d_1;4k7d_17;4k7d_19;4k7d_10;4k7d_1;4k7d_17;4k7d_19;4k7d_1;4k7d_17;4k7d_19;4bm9_3;4bm9_7;4bm9_3;4bm9_7;4i1f_7;5caw_8;5caw_2;5caw_7;5caw_2;5caw_7;2m48_1;2m48_3;2m48_1;2m48_3;2jmo_2;2lwr_2,36,fold_4
CYS_CYS_CYS_CYS,>Cluster 61,4rvz_1,1,fold_1
CYS_CYS_CYS_CYS,>Cluster 62,3e00_3;3dzu_3;3dzy_1;1a6y_2;1a6y_4;1ga5_1;1a6y_1;1a6y_3;1ga5_7;1a6y_1;1a6y_3;1ga5_4;1a6y_2;1a6y_4;1hlz_2;1ga5_6;1hlz_1;2ebl_1;2env_1,19,fold_2
CYS_CYS_CYS_CYS,>Cluster 63,1p9r_1;5it5_8;5it5_7,3,fold_3
CYS_CYS_CYS_CYS,>Cluster 64,1kjz_1;1s0u_1,2,fold_4
CYS_CYS_CYS_CYS,>Cluster 66,5uan_1;2a66_1;1kb2_1;1kb6_2;1kb6_3;1kb4_2;1ynw_4;1kb6_2;1kb6_3;1r0n_3;1r4i_2;1r4i_1;1r4i_3;1r4i_1;1r4i_3;2ff0_1;2ff0_2;2ff0_1;2ff0_2;1lo1_1;1lo1_2;1lo1_1;1lo1_2;1r4r_1;1r4r_4;1r4o_1;1r4o_4;1r4r_1;1r4r_4;1r4o_1;1r4o_4;1r4o_2;1r4r_2;3g97_4;1cit_1;1cit_2;1cit_1;1cit_2;1hcq_2;1hcq_5;1hcq_7;1hcq_2;1hcq_5;1hcq_1;4oor_5;1lat_4;1lat_2;1glu_3;1glu_1;1glu_4;1glu_1;1glu_4;1hra_1;1hra_2;1hra_1;1hra_2;1hcp_1;1hcp_2;1hcp_1;1hcp_2;1gdc_1;1gdc_2;2gda_1;1gdc_1;1gdc_2;1rgd_1;1rgd_2;1rgd_1;1rgd_2;4aa6_8,70,fold_1
CYS_CYS_CYS_CYS,>Cluster 67,5o85_1;5o85_4;1z60_1,3,fold_2
CYS_CYS_CYS_CYS,>Cluster 68,3glf_4;3glf_11;1jr3_3;1xxh_4;1jr3_1;1jr3_4;1njf_1,7,fold_3
CYS_CYS_CYS_CYS,>Cluster 69,3axt_1,1,fold_4
CYS_CYS_CYS_CYS,>Cluster 71,2y1m_18;1fbv_1;2ldr_1,3,fold_1
CYS_CYS_CYS_CYS,>Cluster 72,4ypt_1,1,fold_2
CYS_CYS_CYS_CYS,>Cluster 73,3k1l_16;3k1l_3,2,fold_3
CYS_CYS_CYS_CYS,>Cluster 74,5edv_10;5edv_6;5edv_3;5edv_10;5edv_6;4ljq_16;2ct7_1,7,fold_4
CYS_CYS_CYS_CYS,>Cluster 76,2vhf_4;2vhf_2,2,fold_1
CYS_CYS_CYS_CYS,>Cluster 77,2ibi_1;3mtn_1;2y5b_1,3,fold_2
CYS_CYS_CYS_CYS,>Cluster 78,5k1b_1;5k16_1;5k1c_1;5k1a_4,4,fold_3
CYS_CYS_CYS_CYS,>Cluster 79,2cd9_1,1,fold_4
CYS_CYS_CYS_CYS,>Cluster 81,5gmk_1;5gmk_7;5mps_2;5mps_3;5mps_2;5mps_3;5lj3_6;5gmk_1;5gmk_7;5lj5_6;5wsg_7;5wsg_8;5wsg_7;5wsg_8,14,fold_1
CYS_CYS_CYS_CYS,>Cluster 82,3m6i_2;1e3j_1,2,fold_2
CYS_CYS_CYS_CYS,>Cluster 83,5k1s_7;5k1s_5;2eih_1,3,fold_3
CYS_CYS_CYS_CYS,>Cluster 84,1q14_1;5y5n_1;1j8f_1;4l3o_2;1q17_1;1q17_2;4y6q_2;4y6q_1;4bvh_2;4bn5_4;4bn5_9;4bn5_12;4bn5_1;4v1c_4;4v1c_5;5h4d_3;4bv2_1,17,fold_4
CYS_CYS_CYS_CYS,>Cluster 86,1adu_1;1adv_4;1adv_1,3,fold_1
CYS_CYS_CYS_CYS,>Cluster 87,3esw_1;1x3z_1;1x3w_1;2f4m_1,4,fold_2
CYS_CYS_CYS_CYS,>Cluster 88,3jb9_4,1,fold_3
CYS_CYS_CYS_CYS,>Cluster 89,3hox_3;3i4n_4;3k1f_3;2nvz_9;1wcm_3;1twa_3;2e2h_1;2nvy_6;4a93_4;2b63_4;3gtj_9;2vum_2;1twg_8;1sfo_9;3qt1_3;2yu9_6;5c3e_6;3gtq_5;1twf_8;3gtl_7;3gtg_4;1k83_5;3h3v_1;3gtm_7;1i3q_8;1r9t_4,26,fold_4
CYS_CYS_CYS_CYS,>Cluster 91,2dq4_1,1,fold_1
CYS_CYS_CYS_CYS,>Cluster 92,5ohp_1,1,fold_2
CYS_CYS_CYS_CYS,>Cluster 93,3gli_4;3glf_13;1jr3_2;1a5t_1,4,fold_3
CYS_CYS_CYS_CYS,>Cluster 94,5cht_3;5chv_1,2,fold_4
CYS_CYS_CYS_CYS,>Cluster 96,4x2z_1,1,fold_1
CYS_CYS_CYS_CYS,>Cluster 97,3k35_2;3k35_6;5mgn_2,3,fold_2
CYS_CYS_CYS_CYS,>Cluster 98,2ac5_1;2ac3_1,2,fold_3
CYS_CYS_CYS_CYS,>Cluster 99,4xlg_2;4xm5_1,2,fold_4
CYS_CYS_CYS_CYS,>Cluster 101,2f9y_1,1,fold_1
CYS_CYS_CYS_CYS,>Cluster 102,5a3a_1,1,fold_2
CYS_CYS_CYS_CYS,>Cluster 103,1peg_2,1,fold_3
CYS_CYS_CYS_CYS,>Cluster 104,1vq0_1,1,fold_4
CYS_CYS_CYS_CYS,>Cluster 106,2rhs_1;2rhq_1,2,fold_1
CYS_CYS_CYS_CYS,>Cluster 107,3guc_1,1,fold_2
CYS_CYS_CYS_CYS,>Cluster 108,4tvr_1;4gy5_3;4gy5_5;3ask_2;3ask_3;3ask_2;3ask_3;3ask_4;3ask_5;3ask_4;3ask_5;2e6s_3;3sox_4;2lgk_2;2lgl_1;2lgl_2;2lgg_3;2lgl_1;2lgl_2,19,fold_3
CYS_CYS_CYS_CYS,>Cluster 109,1ltl_2,1,fold_4
CYS_CYS_CYS_CYS,>Cluster 111,1t8h_1,1,fold_1
CYS_CYS_CYS_CYS,>Cluster 112,4utn_2;4hda_1;4hda_2;4utn_1;4f4u_2;4f4u_1;2b4y_1;2b4y_3;1ici_2;1m2h_1;1m2n_2;1m2g_1;1m2n_1,13,fold_2
CYS_CYS_CYS_CYS,>Cluster 113,2f5n_1;1k82_1;1ee8_1,3,fold_3
CYS_CYS_CYS_CYS,>Cluster 114,5wbv_1;3rq4_1,2,fold_4
CYS_CYS_CYS_CYS,>Cluster 116,3l0a_1,1,fold_1
CYS_CYS_CYS_CYS,>Cluster 117,1k3w_1;2oq4_2;2oq4_4,3,fold_2
CYS_CYS_CYS_CYS,>Cluster 118,1nui_3;1nui_5,2,fold_3
CYS_CYS_CYS_CYS,>Cluster 119,1zkm_4;1zfn_1;1zfn_4;1zkm_2;1zfn_3;1zkm_1;1zud_1;1jw9_1;1jwb_1,9,fold_4
CYS_CYS_CYS_CYS,>Cluster 121,4jcv_6;4jcv_5;1vdd_2;1vdd_3;1vdd_4;3vdu_1,6,fold_1
CYS_CYS_CYS_CYS,>Cluster 122,5hvq_1;3nw0_3;2ct0_2,3,fold_2
CYS_CYS_CYS_CYS,>Cluster 123,2fea_2,1,fold_3
CYS_CYS_CYS_CYS,>Cluster 124,4ynp_4;3ope_4;5f5e_1,3,fold_4
CYS_CYS_CYS_CYS,>Cluster 126,3bl5_9;3bl5_11;3bl5_1;3bl5_10,4,fold_1
CYS_CYS_CYS_CYS,>Cluster 127,2yb5_1,1,fold_2
CYS_CYS_CYS_CYS,>Cluster 128,1jwh_1;4md9_3;2r6m_1;1rqf_1;1qf8_2,5,fold_3
CYS_CYS_CYS_CYS,>Cluster 129,3mp2_1,1,fold_4
CYS_CYS_CYS_CYS,>Cluster 131,2j00_524;4dr1_155;3ohc_15;3v26_28;4lf4_107;1hnz_65;2y0u_4;1ibk_47;2wri_5;1hnx_35;4dv6_202;1xmq_12;3oge_43;1hnw_66;3v2c_180;2wdg_257;4dv5_179;1fjg_3;2wdk_412;2uu9_105;4dv4_76;3f1e_305;1xnr_96;3ohy_29;2xqd_3;3huy_16;2y16_2;2x9t_144;1vvl_29;3knj_89;3knn_41;4ji6_54;3oto_11;2wh1_225;2v46_161;2y10_4;3kiu_121;1ibl_99;1ibm_49;4kvb_78;3huw_76;4nxm_82;1hr0_27;2uua_40;2f4v_86;4nxn_51;1vvn_5;3i9d_367;1xmo_53;3knl_109;3kiq_3;3zn7_1;2y12_3;3knh_17;4b3s_116;4jv5_4;3uyd_489;5iwa_27;1n32_87;4aqy_19;4gkj_82;2e5l_1;1j5e_1;3tvf_701;1n34_1;4gkk_25;4b3r_42;2zm6_1,68,fold_1
CYS_CYS_CYS_CYS,>Cluster 132,5x1h_11;5x1h_1;5x1h_2,3,fold_2
CYS_CYS_CYS_CYS,>Cluster 133,5dag_3,1,fold_3
CYS_CYS_CYS_CYS,>Cluster 134,3u5m_21;3u5o_13;3u5m_18;3u5o_12;3u5p_11;3u5o_1;3u5p_15;3u5m_32;2ro1_2;5fb0_1;1xwh_2;2ke1_2;1mm3_1;2l5u_2;1mm2_2;2md8_1;2md7_1;2yql_1,18,fold_4
CYS_CYS_CYS_CYS,>Cluster 136,3flo_1;3flo_3,2,fold_1
CYS_CYS_CYS_CYS,>Cluster 137,2exu_1,1,fold_2
CYS_CYS_CYS_CYS,>Cluster 138,1x6m_5;1xa8_1;1x6m_1,3,fold_3
CYS_CYS_CYS_CYS,>Cluster 139,2x7m_1;2xhq_1,2,fold_4
CYS_CYS_CYS_CYS,>Cluster 141,1b8t_2;1b8t_3;1b8t_2;1b8t_3;1qli_2;1cxx_1;1ibi_2;1ctl_2;1a7i_1;2cu8_2;1iml_2;2o13_2,12,fold_1
CYS_CYS_CYS_CYS,>Cluster 142,1xx6_2;2qpo_3;2j87_1,3,fold_2
CYS_CYS_CYS_CYS,>Cluster 143,2xzm_41;4bpe_51,2,fold_3
CYS_CYS_CYS_CYS,>Cluster 144,4v19_135;5ool_81;3j7y_50;4ce4_2,4,fold_4
CYS_CYS_CYS_CYS,>Cluster 146,3ifu_2,1,fold_1
CYS_CYS_CYS_CYS,>Cluster 147,4y97_2;4y97_1,2,fold_2
CYS_CYS_CYS_CYS,>Cluster 148,2ba1_3;3m85_2;2ba1_1,3,fold_3
CYS_CYS_CYS_CYS,>Cluster 149,3fqm_1;4cl1_2;4cl1_4;1zh1_1,4,fold_4
CYS_CYS_CYS_CYS,>Cluster 151,1odh_1,1,fold_1
CYS_CYS_CYS_CYS,>Cluster 152,3u50_1,1,fold_2
CYS_CYS_CYS_CYS,>Cluster 153,1pg5_1;2be7_2;2yww_2,3,fold_3
CYS_CYS_CYS_CYS,>Cluster 154,5svb_2,1,fold_4
CYS_CYS_CYS_CYS,>Cluster 156,2iyk_3,1,fold_1
CYS_CYS_CYS_CYS,>Cluster 157,2riq_1;4dqy_1;2jvn_1,3,fold_2
CYS_CYS_CYS_CYS,>Cluster 158,2qnf_1;2qnc_2;1e7d_2;2qnc_1,4,fold_3
CYS_CYS_CYS_CYS,>Cluster 159,2e9h_1,1,fold_4
CYS_CYS_CYS_CYS,>Cluster 161,2ppt_3,1,fold_1
CYS_CYS_CYS_CYS,>Cluster 162,2zet_1,1,fold_2
CYS_CYS_CYS_CYS,>Cluster 163,3u5c_4;3u5g_2;4a18_2;3u5e_4;3u5i_4;5a2q_23;2k4x_1,7,fold_3
CYS_CYS_CYS_CYS,>Cluster 164,2k8d_1;2l1u_1,2,fold_4
CYS_CYS_CYS_CYS,>Cluster 166,2d74_1;2dcu_2;2qmu_1;1nee_1;1k81_1,5,fold_1
CYS_CYS_CYS_CYS,>Cluster 167,2qfb_9;2qfb_4;2qfb_10;2qfb_3;2qfb_5;2qfb_1;2qfb_6;2qfb_8;3lrn_1,9,fold_2
CYS_CYS_CYS_CYS,>Cluster 168,3f8n_1;2o03_1,2,fold_3
CYS_CYS_CYS_CYS,>Cluster 169,5c8t_9;5c8u_6;5c8t_8;5c8s_6;5c8u_10;5c8s_10;2fyg_2;2xyq_4,8,fold_4
CYS_CYS_CYS_CYS,>Cluster 171,4ium_1,1,fold_1
CYS_CYS_CYS_CYS,>Cluster 172,2lbm_1;2jm1_2;2jm1_3;2jm1_2;2jm1_3;3ql9_1;4w5a_3;3qlc_1,8,fold_2
CYS_CYS_CYS_CYS,>Cluster 173,2j6a_1,1,fold_3
CYS_CYS_CYS_CYS,>Cluster 174,3a43_1,1,fold_4
CYS_CYS_CYS_CYS,>Cluster 176,2rqa_1,1,fold_1
CYS_CYS_CYS_CYS,>Cluster 177,2d9l_1,1,fold_2
CYS_CYS_CYS_CYS,>Cluster 178,3qt1_5;5iy6_1;5iy6_12;5iy8_10;5iy8_12;5iy6_1;5iy6_12;5iyb_2;5iy9_10;5flm_4;5flm_6;5iy8_10;5iy8_12;5flm_4;5flm_6;3s14_5;3s14_8;1i3q_1;1i3q_3;2r7z_1;1twc_2;1twc_7;2e2j_5;2e2j_8;3po2_1;3po2_4;1twc_2;1twc_7;4bbr_8;3po2_1;3po2_4;3hox_8;1wcm_5;3gtj_1;3gtj_6;2r92_8;3s14_5;3s14_8;4y7n_4;4x67_3;4x67_4;1i6h_1;1i6h_8;1y1v_7;1y1v_9;3gtm_3;3gtq_4;1i6h_1;1i6h_8;1i50_6;1i50_9;3m3y_10;3m3y_6;2nvx_9;1twh_4;4y52_5;4y52_6;2yu9_2;2yu9_8;3h3v_3;1twa_6;1twa_9;4a3e_9;3gtk_6;1y1w_9;5c4j_9;1k83_3;4y52_5;4y52_6;2yu9_2;2yu9_8;3m3y_10;3m3y_6;2vum_4;5c4a_2;4by1_4;2e2h_6;2e2i_8;3s16_9;1twg_6;3po3_4;5ot2_2;5ot2_3;4x67_3;4x67_4;1twa_6;1twa_9;1i3q_1;1i3q_3;3gto_1;2nvy_8;3rzo_1;3gtj_1;3gtj_6;4a93_6;3hoy_2;3k1f_5;2nvq_1;2nvq_6;5fyw_9;3m4o_9;1twf_9;2nvq_1;2nvq_6;2b63_8;3gtl_3;3gtl_6;1y1v_7;1y1v_9;2nvt_2;3hou_10;1i50_6;1i50_9;1r9t_9;2r93_7;2ja5_4;2e2j_5;2e2j_8;5c4x_3;3gtl_3;3gtl_6;3cqz_5;3i4m_1;5ot2_2;5ot2_3;4bxz_5;3i4n_9;1qyp_1,128,fold_3
CYS_CYS_CYS_CYS,>Cluster 179,5g33_1;5a39_4,2,fold_4
CYS_CYS_CYS_CYS,>Cluster 181,5h0m_1,1,fold_1
CYS_CYS_CYS_CYS,>Cluster 182,3q87_1,1,fold_2
CYS_CYS_CYS_CYS,>Cluster 183,5w65_3;4c3j_7;5n61_8;5w66_6;5w64_2;5m3f_5,6,fold_3
CYS_CYS_CYS_CYS,>Cluster 184,1joc_4;1hyj_1;1hyj_2;1hyi_1;1hyi_2;1hyj_1;1hyj_2;1hyi_1;1hyi_2,9,fold_4
CYS_CYS_CYS_CYS,>Cluster 186,2k3r_1;2ki7_1,2,fold_1
CYS_CYS_CYS_CYS,>Cluster 187,1fwq_1,1,fold_2
CYS_CYS_CYS_CYS,>Cluster 188,4a18_4,1,fold_3
CYS_CYS_CYS_CYS,>Cluster 189,1xpa_1;1d4u_1,2,fold_4
CYS_CYS_CYS_CYS,>Cluster 191,5ife_2;5ife_4;5ife_2;5ife_4;5syb_4;5syb_1;2k0a_1;2k0a_2;2k0a_3;2k0a_1;2k0a_2;2k0a_3;2k0a_1;2k0a_2;2k0a_3,15,fold_1
CYS_CYS_CYS_CYS,>Cluster 192,1y02_2,1,fold_2
CYS_CYS_CYS_CYS,>Cluster 193,5hj0_1;5j6p_2,2,fold_3
CYS_CYS_CYS_CYS,>Cluster 194,2xzm_30;3u5c_3;3u5g_4,3,fold_4
CYS_CYS_CYS_CYS,>Cluster 196,3hcu_6;2eci_2;2jmd_2,3,fold_1
CYS_CYS_CYS_CYS,>Cluster 197,1jm7_1,1,fold_2
CYS_CYS_CYS_CYS,>Cluster 198,4b86_8;4b86_10;4b7y_2;4b86_6,4,fold_3
CYS_CYS_CYS_CYS,>Cluster 199,1i3j_1;1t2t_1,2,fold_4
CYS_CYS_CYS_CYS,>Cluster 201,5nus_1,1,fold_1
CYS_CYS_CYS_CYS,>Cluster 202,1jm7_2,1,fold_2
CYS_CYS_CYS_CYS,>Cluster 203,2qgp_3,1,fold_3
CYS_CYS_CYS_CYS,>Cluster 204,2ysm_4;1f62_2,2,fold_4
CYS_CYS_CYS_CYS,>Cluster 206,4r8p_6;2djb_2,2,fold_1
CYS_CYS_CYS_CYS,>Cluster 207,4a19_3;3u5e_1;3u5i_3,3,fold_2
CYS_CYS_CYS_CYS,>Cluster 208,2kgo_1;5w1s_2;5w1s_5,3,fold_3
CYS_CYS_CYS_CYS,>Cluster 209,2ctt_1;2ctt_2;2ctt_1;2ctt_2,4,fold_4
CYS_CYS_CYS_CYS,>Cluster 211,2jun_3,1,fold_1
CYS_CYS_CYS_CYS,>Cluster 212,2jne_2,1,fold_2
CYS_CYS_CYS_CYS,>Cluster 213,3lrq_2;3lrq_6,2,fold_3
CYS_CYS_CYS_CYS,>Cluster 214,2e2z_1,1,fold_4
CYS_CYS_CYS_CYS,>Cluster 216,2ko5_1,1,fold_1
CYS_CYS_CYS_CYS,>Cluster 217,1occ_5;1oco_10,2,fold_2
CYS_CYS_CYS_CYS,>Cluster 218,2miu_1;2miu_3;2miu_1;2miu_3,4,fold_3
CYS_CYS_CYS_CYS,>Cluster 219,2lv9_1,1,fold_4
CYS_CYS_CYS_CYS,>Cluster 221,1wim_1;1wim_2;1wim_1;1wim_2,4,fold_1
CYS_CYS_CYS_CYS,>Cluster 222,1weo_1;1weo_2;1weo_1;1weo_2,4,fold_2
CYS_CYS_CYS_CYS,>Cluster 223,5jw7_2;1bor_2;2mwx_1,3,fold_3
CYS_CYS_CYS_CYS,>Cluster 224,2cs3_2,1,fold_4
CYS_CYS_CYS_CYS,>Cluster 226,1adn_1;1eyf_1,2,fold_1
CYS_CYS_CYS_CYS,>Cluster 227,2kwq_1,1,fold_2
CYS_CYS_CYS_CYS,>Cluster 228,1weu_2;1wew_1;1wen_2;1wes_1;2g6q_2;2pnx_1,6,fold_3
CYS_CYS_CYS_CYS,>Cluster 229,5vjj_6;5vjj_4,2,fold_4
CYS_CYS_CYS_CYS,>Cluster 231,2dar_1;1v6g_1,2,fold_1
CYS_CYS_CYS_CYS,>Cluster 232,1wil_2,1,fold_2
CYS_CYS_CYS_CYS,>Cluster 233,2jr7_1;1yop_1;1wge_1;1yws_1,4,fold_3
CYS_CYS_CYS_CYS,>Cluster 234,2mq1_1,1,fold_4
CYS_CYS_CYS_CYS,>Cluster 236,1wev_2,1,fold_1
CYS_CYS_CYS_CYS,>Cluster 237,1wfk_2;1x4u_2,2,fold_2
CYS_CYS_CYS_CYS,>Cluster 238,1fp0_2,1,fold_3
CYS_CYS_CYS_CYS,>Cluster 239,1ul5_2,1,fold_4
CYS_CYS_CYS_CYS,>Cluster 241,1weq_1,1,fold_1
CYS_CYS_CYS_CYS,>Cluster 242,1wii_1,1,fold_2
CYS_CYS_CYS_CYS,>Cluster 243,2ljx_1;2ljy_2,2,fold_3
CYS_CYS_CYS_CYS,>Cluster 244,2m6m_1,1,fold_4
CYS_CYS_CYS_CYS,>Cluster 246,2csy_2,1,fold_1
CYS_CYS_CYS_CYS,>Cluster 247,2ecl_3,1,fold_2
CYS_CYS_CYS_CYS,>Cluster 248,2xzm_34;4bpe_12,2,fold_3
CYS_CYS_CYS_CYS,>Cluster 249,2d8s_2,1,fold_4
CYS_CYS_CYS_CYS,>Cluster 251,2k2d_1,1,fold_1
CYS_CYS_CYS_CYS,>Cluster 252,1wep_2;1wem_1;1we9_2;2fuu_1;2m3h_1,5,fold_2
CYS_CYS_CYS_CYS,>Cluster 253,1e4u_1;1e4u_2;1e4u_1;1e4u_2;5aie_1;1ur6_1;1ur6_2;1ur6_1;1ur6_2,9,fold_3
CYS_CYS_CYS_CYS,>Cluster 254,2ffw_2,1,fold_4
CYS_CYS_CYS_CYS,>Cluster 256,2csz_1;2csz_2;2csz_1;2csz_2,4,fold_1
CYS_CYS_CYS_CYS,>Cluster 257,2m3l_1;2ljz_1;2fk4_1,3,fold_2
CYS_CYS_CYS_CYS,>Cluster 258,2ecg_1;3eb6_2;2ea5_1,3,fold_3
CYS_CYS_CYS_CYS,>Cluster 259,2k16_1;5c13_2,2,fold_4
CYS_CYS_CYS_CYS,>Cluster 261,2ysl_1;2ysj_2;2ecj_1,3,fold_1
CYS_CYS_CYS_CYS,>Cluster 262,2m85_2,1,fold_2
CYS_CYS_CYS_CYS,>Cluster 263,4zn1_1;3qqc_3,2,fold_3
CYS_CYS_CYS_CYS,>Cluster 264,5x50_3;6a5r_9;2nvz_7;2yu9_5;3m3y_9;2nvq_2;2nvy_4;5m64_3;1wcm_9;5w66_5;2r93_8;2nvx_6;2r7z_5;3gtm_5;1i50_7;5m3m_7;5m5w_2;3h3v_9;5c4j_5;5fj9_1;1y1w_1;5w64_4;2e2j_4;1i3q_5;3gtj_8;5m5x_4;5m3f_1;3gtq_3;1sfo_7;2e2i_2;1y1v_2;1twa_1;3k7a_6;1twf_4;4y52_1;5w65_2;3qt1_7;5m5y_3;1r9t_3;2e2h_5;4c2m_7;4y7n_1;5fyw_5;5ot2_6;3hou_13;3gtk_5;2r92_1;1i6h_4;2b63_3;3i4n_2;5iy6_10;5flm_9;5iyb_10;2pmz_10;3hkz_10;2waq_9;4qiw_3;1ef4_1,58,fold_4
CYS_CYS_CYS_CYS,>Cluster 266,1wyh_1;1x4k_1;2cur_1,3,fold_1
CYS_CYS_CYS_CYS,>Cluster 267,3v2d_601;4dha_117;3v23_230;3v27_178;4nvx_79;4qd1_228;4nvv_326,7,fold_2
CYS_CYS_CYS_CYS,>Cluster 268,2kae_1,1,fold_3
CYS_CYS_CYS_CYS,>Cluster 269,2vp7_2;2dx8_2;2vpd_3,3,fold_4
CYS_CYS_CYS_CYS,>Cluster 271,2d8q_2;2dan_2,2,fold_1
CYS_CYS_CYS_CYS,>Cluster 272,2ea6_2,1,fold_2
CYS_CYS_CYS_CYS,>Cluster 273,1chc_1,1,fold_3
CYS_CYS_CYS_CYS,>Cluster 274,2rsd_1,1,fold_4
CYS_CYS_CYS_CYS,>Cluster 276,1ovx_1,1,fold_1
CYS_CYS_CYS_CYS,>Cluster 277,5mmi_385;3v27_270;3v23_280;4dha_154,4,fold_2
CYS_CYS_CYS_CYS,>Cluster 278,2m13_1;2mke_1,2,fold_3
CYS_CYS_CYS_CYS,>Cluster 279,2iyb_2,1,fold_4
CYS_CYS_CYS_CYS,>Cluster 281,2odd_2;2dj8_1;2od1_2;2jw6_2;4a24_2,5,fold_1
CYS_CYS_CYS_CYS,>Cluster 282,2hdp_1;2hdp_4,2,fold_2
CYS_CYS_CYS_CYS,>Cluster 283,3dfv_1;1gnf_1;1y0j_2;2vuu_5;2l6y_1,5,fold_3
CYS_CYS_CYS_CYS,>Cluster 284,2e5r_1,1,fold_4
CYS_CYS_CYS_CYS,>Cluster 286,2a20_1;2a20_2;2a20_1;2a20_2,4,fold_1
CYS_CYS_CYS_CYS,>Cluster 287,2l00_1,1,fold_2
CYS_CYS_CYS_CYS,>Cluster 288,1xjh_1,1,fold_3
CYS_CYS_CYS_CYS,>Cluster 289,2das_1,1,fold_4
CYS_CYS_CYS_CYS,>Cluster 291,2ma6_1,1,fold_1
CYS_CYS_CYS_CYS,>Cluster 292,2ma5_2;2kgg_1,2,fold_2
CYS_CYS_CYS_CYS,>Cluster 293,2zjp_7;3hux_108;3kni_96;3knm_43;4dha_435;3knk_188,6,fold_3
CYS_CYS_CYS_CYS,>Cluster 294,1vyx_1,1,fold_4
CYS_CYS_CYS_CYS,>Cluster 296,1x4s_1;2yqq_1,2,fold_1
CYS_CYS_CYS_CYS,>Cluster 297,2rt9_1,1,fold_2
CYS_CYS_CYS_CYS,>Cluster 298,2ayj_1,1,fold_3
CYS_CYS_CYS_CYS,>Cluster 299,2kpi_1,1,fold_4
CYS_CYS_CYS_CYS,>Cluster 301,3u5c_2;2xzm_1;5a2q_18,3,fold_1
CYS_CYS_CYS_CYS,>Cluster 302,2bx9_3;2zp9_1;2ko8_1;2bx9_11;2zp8_1;2bx9_10;2bx9_7;2bx9_1;2bx9_12;2bx9_4;2bx9_2;3lcz_1,12,fold_2
CYS_CYS_CYS_CYS,>Cluster 303,2cr8_1;2c6b_1;2c6a_1,3,fold_3
CYS_CYS_CYS_CYS,>Cluster 304,2k0c_1;2ebr_1,2,fold_4
CYS_CYS_CYS_CYS,>Cluster 306,2crc_1,1,fold_1
CYS_CYS_CYS_CYS,>Cluster 307,2mvw_2,1,fold_2
CYS_CYS_CYS_CYS,>Cluster 308,1pft_1,1,fold_3
CYS_CYS_CYS_CYS,>Cluster 309,2l8e_1,1,fold_4
CYS_CYS_CYS_CYS,>Cluster 311,3oj3_1;3oj4_1;3oj3_2;2eqe_1,4,fold_1
CYS_CYS_CYS_CYS,>Cluster 312,2eqg_1,1,fold_2
CYS_CYS_CYS_CYS,>Cluster 313,2n94_2,1,fold_3
CYS_CYS_CYS_CYS,>Cluster 314,1n0z_1,1,fold_4
CYS_CYS_CYS_CYS,>Cluster 316,2mxv_1;2lk1_1,2,fold_1
CYS_CYS_CYS_CYS,>Cluster 317,2n9p_1;2n9o_1,2,fold_2
CYS_CYS_CYS_CYS,>Cluster 318,4s1z_3;4s1z_5;5af6_3,3,fold_3
CYS_CYS_CYS_CYS,>Cluster 319,2k1p_1,1,fold_4
CYS_CYS_HIS_CYS,>Cluster 1,4bhw_3,1,fold_1
CYS_CYS_HIS_CYS,>Cluster 2,4kc9_4;4kc9_6;4kbl_6;4kbl_9;4kc9_4;4kc9_6;4kbl_4;4kbl_6;4kbl_9;2m9y_2,10,fold_2
CYS_CYS_HIS_CYS,>Cluster 3,4l9m_2;1y8f_2;1far_2;1faq_1,4,fold_3
CYS_CYS_HIS_CYS,>Cluster 4,5ft9_2;5diz_1;4g23_1,3,fold_4
CYS_CYS_HIS_CYS,>Cluster 6,3n71_2;3rib_2,2,fold_1
CYS_CYS_HIS_CYS,>Cluster 7,1xa6_1,1,fold_2
CYS_CYS_HIS_CYS,>Cluster 8,3oxg_1;3mek_1,2,fold_3
CYS_CYS_HIS_CYS,>Cluster 9,4nm6_2;5deu_3;5d9y_1,3,fold_4
CYS_CYS_HIS_CYS,>Cluster 11,5c23_1;5c9v_4;2m48_2;2jmo_1,4,fold_1
CYS_CYS_HIS_CYS,>Cluster 12,5w0b_1;5w0m_1;5w0m_2,3,fold_2
CYS_CYS_HIS_CYS,>Cluster 13,3k1l_4,1,fold_3
CYS_CYS_HIS_CYS,>Cluster 14,5edv_1;5edv_11;5edv_1;5edv_11;4ljo_2;2ct7_2,6,fold_4
CYS_CYS_HIS_CYS,>Cluster 16,2rcn_2;5uz4_1;5no2_11;1t9h_2;1u0l_2;1u0l_1,6,fold_1
CYS_CYS_HIS_CYS,>Cluster 17,1v0d_1,1,fold_2
CYS_CYS_HIS_CYS,>Cluster 18,4rou_2;4rou_1,2,fold_3
CYS_CYS_HIS_CYS,>Cluster 19,5j8f_1;2giv_1;2rc4_1;2ou2_1,4,fold_4
CYS_CYS_HIS_CYS,>Cluster 21,5ikf_1,1,fold_1
CYS_CYS_HIS_CYS,>Cluster 22,4gy5_2;3ask_6;3ask_1;2e6s_1;2lgl_3;2lgk_1;2lgg_2,7,fold_2
CYS_CYS_HIS_CYS,>Cluster 23,5hh7_1,1,fold_3
CYS_CYS_HIS_CYS,>Cluster 24,5dka_6,1,fold_4
CYS_CYS_HIS_CYS,>Cluster 26,5oqd_12;5oqd_7;5oqd_1;5oqd_8,4,fold_1
CYS_CYS_HIS_CYS,>Cluster 27,5dag_1;2ku3_2,2,fold_2
CYS_CYS_HIS_CYS,>Cluster 28,3u5m_10;3u5m_29;2ro1_1;1xwh_1;2l5u_1;1mm3_2;2kft_2,7,fold_3
CYS_CYS_HIS_CYS,>Cluster 29,4i7b_4;4i7b_1;4c9z_2;4c9z_3;4x3g_2;2an6_5;2an6_1;2an6_4;1k2f_2;1k2f_5,10,fold_4
CYS_CYS_HIS_CYS,>Cluster 31,1rut_4;4jcj_10;2ypa_2;2xjz_13;2xjz_15;2l3k_1;2l4z_1;1m3v_1;1j2o_1;2mbv_1;2l6y_2,11,fold_1
CYS_CYS_HIS_CYS,>Cluster 32,2hvw_7;2hvv_1;2hvv_4,3,fold_2
CYS_CYS_HIS_CYS,>Cluster 33,3lqh_1;3lqj_1,2,fold_3
CYS_CYS_HIS_CYS,>Cluster 34,2jtn_2;2jtn_3;2jtn_2;2jtn_3;2rgt_4,5,fold_4
CYS_CYS_HIS_CYS,>Cluster 36,3hcs_2;3hcs_4;3hcs_6;3hcs_2;3hcs_4;3hcs_6;3hcs_2;3hcs_4;3hcs_6;3hcu_4,10,fold_1
CYS_CYS_HIS_CYS,>Cluster 37,1a73_2,1,fold_2
CYS_CYS_HIS_CYS,>Cluster 38,4mj7_1,1,fold_3
CYS_CYS_HIS_CYS,>Cluster 39,2ga6_40;2ga6_14;2ga6_24;2ga6_45;2ga6_19;2ga6_29;2ga6_10;2ga6_13;5c8s_1;5c8t_10;2fyg_1,11,fold_4
CYS_CYS_HIS_CYS,>Cluster 41,2dkt_1;2dkt_2;2dkt_6;2dkt_1;2dkt_2;2dkt_6;2dkt_1;2dkt_2;2dkt_6;2k2c_1;2k2c_4;2k2c_6;2k2c_1;2k2c_4;2k2c_6;2k2c_1;2k2c_4;2k2c_6,18,fold_1
CYS_CYS_HIS_CYS,>Cluster 42,1e31_1;1e31_3;1f3h_2;1f3h_1;1m4m_1;1xox_1,6,fold_2
CYS_CYS_HIS_CYS,>Cluster 43,3knv_2,1,fold_3
CYS_CYS_HIS_CYS,>Cluster 44,3siq_5,1,fold_4
CYS_CYS_HIS_CYS,>Cluster 46,5din_1;5h7r_2;5h7s_1,3,fold_1
CYS_CYS_HIS_CYS,>Cluster 47,5mq4_1,1,fold_2
CYS_CYS_HIS_CYS,>Cluster 48,2lli_1;2lli_2;2lli_3;2lli_4;2lli_5;2lli_1;2lli_2;2lli_3;2lli_4;2lli_5;2lli_1;2lli_2;2lli_3;2lli_4;2lli_5;2lli_1;2lli_2;2lli_3;2lli_4;2lli_5;2lli_1;2lli_2;2lli_3;2lli_4;2lli_5,25,fold_3
CYS_CYS_HIS_CYS,>Cluster 49,1jd4_1;1q4q_10;4eb9_4;3oz1_3;1g73_1;1f9x_1;1tfq_1;1g3f_1;1qbh_1;1nw9_1,10,fold_4
CYS_CYS_HIS_CYS,>Cluster 51,2dlq_1,1,fold_1
CYS_CYS_HIS_CYS,>Cluster 52,1uw0_1,1,fold_2
CYS_CYS_HIS_CYS,>Cluster 53,1c9q_1;2pop_1;3m0a_1,3,fold_3
CYS_CYS_HIS_CYS,>Cluster 54,5kl8_1;5kl1_2,2,fold_4
CYS_CYS_HIS_CYS,>Cluster 56,1v87_1,1,fold_1
CYS_CYS_HIS_CYS,>Cluster 57,2csh_1;1x6h_2,2,fold_2
CYS_CYS_HIS_CYS,>Cluster 58,2hye_4;1u6g_1;3dqv_4;3dpl_3;4p5o_4;2lgv_3;1ldk_2;1ldj_2;2mt5_1,9,fold_3
CYS_CYS_HIS_CYS,>Cluster 59,2cs8_1;2cs8_2;2cs8_1;2cs8_2;2mf8_1,5,fold_4
CYS_CYS_HIS_CYS,>Cluster 61,2k7r_1,1,fold_1
CYS_CYS_HIS_CYS,>Cluster 62,3alr_1;3alr_10,2,fold_2
CYS_CYS_HIS_CYS,>Cluster 63,4zux_14;4zux_8;4zux_19;3m99_5;4zux_4,5,fold_3
CYS_CYS_HIS_CYS,>Cluster 64,2yre_3;2yre_4;2yre_3;2yre_4,4,fold_4
CYS_CYS_HIS_CYS,>Cluster 66,3ada_1;1vrq_1,2,fold_1
CYS_CYS_HIS_CYS,>Cluster 67,2gqj_2;2ctd_2,2,fold_2
CYS_CYS_HIS_CYS,>Cluster 68,2miu_2;2ehe_2,2,fold_3
CYS_CYS_HIS_CYS,>Cluster 69,2lv9_2;4l58_1;3o70_2;5tbn_2,4,fold_4
CYS_CYS_HIS_CYS,>Cluster 71,1ul4_1;1ul5_1,2,fold_1
CYS_CYS_HIS_CYS,>Cluster 72,2naa_4,1,fold_2
CYS_CYS_HIS_CYS,>Cluster 73,1weu_1;1wew_2;1wes_2;1wen_1;2mum_2,5,fold_3
CYS_CYS_HIS_CYS,>Cluster 74,2l0b_2,1,fold_4
CYS_CYS_HIS_CYS,>Cluster 76,1wil_1,1,fold_1
CYS_CYS_HIS_CYS,>Cluster 77,1fp0_1,1,fold_2
CYS_CYS_HIS_CYS,>Cluster 78,1wev_1,1,fold_3
CYS_CYS_HIS_CYS,>Cluster 79,1wfe_1;1wys_2;1x4v_1,3,fold_4
CYS_CYS_HIS_CYS,>Cluster 81,1wff_2;1wfl_2;1wfp_1;1x4w_2;1wfh_1;1wg2_1,6,fold_1
CYS_CYS_HIS_CYS,>Cluster 82,1r79_2,1,fold_2
CYS_CYS_HIS_CYS,>Cluster 83,2m6m_2,1,fold_3
CYS_CYS_HIS_CYS,>Cluster 84,2yuu_2;2e73_2;1x4j_2;2db6_2,4,fold_4
CYS_CYS_HIS_CYS,>Cluster 86,2v83_2;2jwo_2;2v83_3,3,fold_1
CYS_CYS_HIS_CYS,>Cluster 87,1tbn_1;2enz_2;1ptr_1;1ptq_1,4,fold_2
CYS_CYS_HIS_CYS,>Cluster 88,2dlo_2;1v6g_2;1wig_1;2d8x_1,4,fold_3
CYS_CYS_HIS_CYS,>Cluster 89,2lxh_1;2lxp_1;2jrj_1,3,fold_4
CYS_CYS_HIS_CYS,>Cluster 91,1x62_1,1,fold_1
CYS_CYS_HIS_CYS,>Cluster 92,2l7x_1;2l7x_2;2l7x_1;2l7x_2,4,fold_2
CYS_CYS_HIS_CYS,>Cluster 93,1g47_1;2kbx_2,2,fold_3
CYS_CYS_HIS_CYS,>Cluster 94,2yuc_1;2yuc_2;2yuc_1;2yuc_2;2d9k_1;2d9k_2;2d9k_1;2d9k_2,8,fold_4
CYS_CYS_HIS_CYS,>Cluster 96,2k16_2;2k17_2,2,fold_1
CYS_CYS_HIS_CYS,>Cluster 97,2ep4_1;2ecm_1,2,fold_2
CYS_CYS_HIS_CYS,>Cluster 98,2m85_1,1,fold_3
CYS_CYS_HIS_CYS,>Cluster 99,2lzu_2,1,fold_4
CYS_CYS_HIS_CYS,>Cluster 101,1wee_1,1,fold_1
CYS_CYS_HIS_CYS,>Cluster 102,2fnf_1;1rfh_1,2,fold_2
CYS_CYS_HIS_CYS,>Cluster 103,4yj0_5;4yj0_4;1lpv_1,3,fold_3
CYS_CYS_HIS_CYS,>Cluster 104,2d8q_1;2dan_1,2,fold_4
CYS_CYS_HIS_CYS,>Cluster 106,2rsd_2,1,fold_1
CYS_CYS_HIS_CYS,>Cluster 107,2dx8_3;2dx8_1,2,fold_2
CYS_CYS_HIS_CYS,>Cluster 108,2eod_1;2eod_2;2eod_1;2eod_2,4,fold_3
CYS_CYS_HIS_CYS,>Cluster 109,2iyb_1,1,fold_4
CYS_CYS_HIS_CYS,>Cluster 111,2d8u_1;3ddt_1,2,fold_1
CYS_CYS_HIS_CYS,>Cluster 112,1pxe_1;2jyd_1,2,fold_2
CYS_CYS_HIS_CYS,>Cluster 113,2ihx_1,1,fold_3
CYS_CYS_HIS_CYS,>Cluster 114,2ma5_1;5c11_1;2kgi_2;2kgg_2,4,fold_4
CYS_CYS_HIS_CYS,>Cluster 116,1vyx_2,1,fold_1
CYS_CYS_HIS_CYS,>Cluster 117,2rt9_2,1,fold_2
CYS_CYS_HIS_CYS,>Cluster 118,1x4s_2;2yqq_2,2,fold_3
CYS_CYS_HIS_CYS,>Cluster 119,2k9h_1;2k9h_2;2k9h_1;2k9h_2,4,fold_4
CYS_CYS_HIS_CYS,>Cluster 121,1u6p_1;2mqv_1;1a6b_1,3,fold_1
CYS_CYS_HIS_CYS,>Cluster 122,2lxw_1,1,fold_2
CYS_CYS_HIS_CYS,>Cluster 123,2lo4_1;5aaz_1;2jvx_1,3,fold_3
CYS_CYS_HIS_CYS,>Cluster 124,5ij4_1,1,fold_4
CYS_CYS_HIS_CYS,>Cluster 126,1kbe_1,1,fold_1
CYS_CYS_HIS_CYS,>Cluster 127,2n94_1,1,fold_2
CYS_CYS_HIS_CYS,>Cluster 128,2muq_1;3wwq_1,2,fold_3
CYS_CYS_HIS_CYS,>Cluster 129,2l6z_2;1y0j_1,2,fold_4
CYS_CYS_HIS_CYS,>Cluster 131,2mrf_1;2mre_1,2,fold_1
CYS_CYS_HIS_CYS,>Cluster 132,1m36_1,1,fold_2
CYS_CYS_HIS_CYS,>Cluster 133,1zfo_1,1,fold_3
CYS_CYS_HIS_CYS,>Cluster 134,1liq_1,1,fold_4
CYS_CYS_HIS_CYS,>Cluster 136,1wo7_1,1,fold_1
CYS_CYS_HIS_CYS,>Cluster 137,1wo3_1,1,fold_2
CYS_CYS_HIS_CYS,>Cluster 138,1wo5_1,1,fold_3
CYS_CYS_HIS_CYS,>Cluster 139,2mpj_1,1,fold_4
CYS_CYS_HIS_CYS,>Cluster 141,1wo4_1,1,fold_1
CYS_CYS_HIS_CYS,>Cluster 142,2mjc_1,1,fold_2
CYS_CYS_HIS_CYS,>Cluster 143,1dsq_1,1,fold_3
CYS_CYS_CYS_HIS,>Cluster 1,5m64_5;5m5w_6;5w64_5;5m5x_5;5m3f_4;5m5y_2;5w65_6;5w66_3;5n61_3;4c2m_13,10,fold_1
CYS_CYS_CYS_HIS,>Cluster 2,5wy1_2;3av5_2;3av5_4;3av6_1;3av4_1;3av4_4;3av4_1;3av4_4;3av5_2;3av5_4;4wxx_8;4wxx_2;4yoc_2;3swr_2;3pta_1;3pt6_7;3pt6_5;3pt9_2;3epz_2;3epz_1,20,fold_2
CYS_CYS_CYS_HIS,>Cluster 3,1urj_10,1,fold_3
CYS_CYS_CYS_HIS,>Cluster 4,4ayb_12,1,fold_4
CYS_CYS_CYS_HIS,>Cluster 6,3zqj_9;3zqj_8;3zqj_11;3zqj_1,4,fold_1
CYS_CYS_CYS_HIS,>Cluster 7,5bjs_4,1,fold_2
CYS_CYS_CYS_HIS,>Cluster 8,2v0g_5;1h3n_1;2byt_1;2bte_4;2bte_3,5,fold_3
CYS_CYS_CYS_HIS,>Cluster 9,3ihp_1;2l80_1,2,fold_4
CYS_CYS_CYS_HIS,>Cluster 11,2wjv_2;2iyk_1,2,fold_1
CYS_CYS_CYS_HIS,>Cluster 12,5k4l_1;5ceh_3;5a1f_4,3,fold_2
CYS_CYS_CYS_HIS,>Cluster 13,5lst_1,1,fold_3
CYS_CYS_CYS_HIS,>Cluster 14,4c4a_1;3x0d_1,2,fold_4
CYS_CYS_CYS_HIS,>Cluster 16,5ij7_5,1,fold_1
CYS_CYS_CYS_HIS,>Cluster 17,1it8_3,1,fold_2
CYS_CYS_CYS_HIS,>Cluster 18,5c8t_4;5c8u_5;5c8u_7;5c8t_3;5c8t_7;5c8u_5;5c8u_7;5c8u_2;5c8u_8;5c8u_2;5c8u_8;5c8t_3;5c8t_7;5c8s_8;5c8s_2;5c8s_7;5c8s_2;5c8s_7,18,fold_3
CYS_CYS_CYS_HIS,>Cluster 19,5n60_2,1,fold_4
CYS_CYS_CYS_HIS,>Cluster 21,4zux_25;4zux_27;3m99_4,3,fold_1
CYS_CYS_CYS_HIS,>Cluster 22,4nm6_1;4nm6_4;4nm6_1;4nm6_4,4,fold_2
CYS_CYS_CYS_HIS,>Cluster 23,3ms5_2;4c8r_8;4c8r_2;4c8r_12;4c8r_7,5,fold_3
CYS_CYS_CYS_HIS,>Cluster 24,3jb9_2,1,fold_4
CYS_CYS_CYS_HIS,>Cluster 26,5edv_15,1,fold_1
CYS_CYS_CYS_HIS,>Cluster 27,1v47_1,1,fold_2
CYS_CYS_CYS_HIS,>Cluster 28,5mq0_1;5wsg_1,2,fold_3
CYS_CYS_CYS_HIS,>Cluster 29,4k7d_11;4k7d_15;4k7d_11;4k7d_15;4bm9_6;4bm9_8;4bm9_6;4bm9_8;4i1f_6;5caw_12;5caw_15;5caw_12;5caw_15;5caw_11;5caw_9;5caw_11;5caw_9;2m48_4;2lwr_1,19,fold_4
CYS_CYS_CYS_HIS,>Cluster 31,5gha_1;3vrh_1,2,fold_1
CYS_CYS_CYS_HIS,>Cluster 32,4ixj_1,1,fold_2
CYS_CYS_CYS_HIS,>Cluster 33,1p91_1;1p91_2,2,fold_3
CYS_CYS_CYS_HIS,>Cluster 34,2xoc_1;2xoy_6,2,fold_4
CYS_CYS_CYS_HIS,>Cluster 36,4z3u_1;5e8c_1,2,fold_1
CYS_CYS_CYS_HIS,>Cluster 37,4a4k_1;4a4k_2,2,fold_2
CYS_CYS_CYS_HIS,>Cluster 38,4n4g_1,1,fold_3
CYS_CYS_CYS_HIS,>Cluster 39,5d5n_1;5dob_2;5doc_1,3,fold_4
CYS_CYS_CYS_HIS,>Cluster 41,3ray_3;4ijd_1;4c1q_1,3,fold_1
CYS_CYS_CYS_HIS,>Cluster 42,3u9g_2;3u9g_3;3u9g_2;3u9g_3,4,fold_2
CYS_CYS_CYS_HIS,>Cluster 43,5xyn_1,1,fold_3
CYS_CYS_CYS_HIS,>Cluster 44,4fc8_2;4fc8_1;5c2y_1,3,fold_4
CYS_CYS_CYS_HIS,>Cluster 46,5dah_1;5dah_3,2,fold_1
CYS_CYS_CYS_HIS,>Cluster 47,3ebe_1;3h15_1,2,fold_2
CYS_CYS_CYS_HIS,>Cluster 48,4c3b_1;4cs7_1;4cs7_4,3,fold_3
CYS_CYS_CYS_HIS,>Cluster 49,4ggk_2;4ggj_1,2,fold_4
CYS_CYS_CYS_HIS,>Cluster 51,3w95_1;1z8r_1;4fvb_1;2m5t_1;2hrv_1,5,fold_1
CYS_CYS_CYS_HIS,>Cluster 52,1a73_5,1,fold_2
CYS_CYS_CYS_HIS,>Cluster 53,4zl2_1;4zl3_1;4zl3_3;5x6m_3;5x6h_1;1ozj_1;3kmp_1,7,fold_3
CYS_CYS_CYS_HIS,>Cluster 54,5elh_2;5elh_4;5elh_2;5elh_4,4,fold_4
CYS_CYS_CYS_HIS,>Cluster 56,2i50_3,1,fold_1
CYS_CYS_CYS_HIS,>Cluster 57,1u6g_3;2hye_3;4f52_1;4p5o_3;3rtr_12;4f52_4;3rtr_9;3dpl_1;3dqv_5;3rtr_3;2lgv_1;1ldk_3;1ldj_3,13,fold_2
CYS_CYS_CYS_HIS,>Cluster 58,4gnd_2;4gnd_5;4gnd_7;4gnd_2;4gnd_5;4gnd_7;4gnd_3;4gnd_2;4gnd_5;4gnd_7;2naa_1;2naa_2;2naa_3;2naa_1;2naa_2;2naa_3;2naa_1;2naa_2;2naa_3,19,fold_3
CYS_CYS_CYS_HIS,>Cluster 59,4v19_104,1,fold_4
CYS_CYS_CYS_HIS,>Cluster 61,2e5s_1;2e5s_2;2e5s_1;2e5s_2;5u6h_1;5u6h_2;5u6h_1;5u6h_2;5u9b_2;2rpp_1;2rpp_2;2rpp_1;2rpp_2;5u6l_1;5u6l_2;3d2n_1;3d2n_2;3d2n_1;3d2n_2;5u6l_1;5u6l_2;3d2q_1;3d2q_4;3d2q_6,24,fold_1
CYS_CYS_CYS_HIS,>Cluster 62,2cqe_1;2cqe_2;2cqe_1;2cqe_2,4,fold_2
CYS_CYS_CYS_HIS,>Cluster 63,2uzg_2,1,fold_3
CYS_CYS_CYS_HIS,>Cluster 64,1ul4_2;1wj0_1,2,fold_4
CYS_CYS_CYS_HIS,>Cluster 66,2kwq_2,1,fold_1
CYS_CYS_CYS_HIS,>Cluster 67,5vjj_2,1,fold_2
CYS_CYS_CYS_HIS,>Cluster 68,5vjj_1,1,fold_3
CYS_CYS_CYS_HIS,>Cluster 69,2jm3_1,1,fold_4
CYS_CYS_CYS_HIS,>Cluster 71,1wfe_2;1wys_1;1x4v_2,3,fold_1
CYS_CYS_CYS_HIS,>Cluster 72,1wff_1;1wfp_2;1wfl_1;1x4w_1;1wfh_2;1wg2_2,6,fold_2
CYS_CYS_CYS_HIS,>Cluster 73,2kkt_1,1,fold_3
CYS_CYS_CYS_HIS,>Cluster 74,3zj1_1;3zj1_2;3zj1_1;3zj1_2,4,fold_4
CYS_CYS_CYS_HIS,>Cluster 76,1m9o_1;1rgo_1;1rgo_2;1rgo_1;1rgo_2,5,fold_1
CYS_CYS_CYS_HIS,>Cluster 77,1g47_2,1,fold_2
CYS_CYS_CYS_HIS,>Cluster 78,3kde_1,1,fold_3
CYS_CYS_CYS_HIS,>Cluster 79,2yrt_2;2xcm_3,2,fold_4
CYS_CYS_CYS_HIS,>Cluster 81,1vfy_2,1,fold_1
CYS_CYS_CYS_HIS,>Cluster 82,2lzu_1,1,fold_2
CYS_CYS_CYS_HIS,>Cluster 83,2kdp_1;2n1u_1,2,fold_3
CYS_CYS_CYS_HIS,>Cluster 84,3zj2_1;3zj2_2;3zj2_1;3zj2_2,4,fold_4
CYS_CYS_CYS_HIS,>Cluster 86,2fc6_1,1,fold_1
CYS_CYS_CYS_HIS,>Cluster 87,5ij4_2,1,fold_2
CYS_CYS_CYS_HIS,>Cluster 88,1co4_1,1,fold_3
CYS_CYS_CYS_HIS,>Cluster 89,4cyk_1,1,fold_4
CYS_CYS_CYS_HIS,>Cluster 91,5mmi_150,1,fold_1
CYS_CYS_CYS_HIS,>Cluster 92,2n5k_1,1,fold_2
CYS_CYS_CYS_HIS,>Cluster 93,1ozb_2;1ozb_1;1tm6_1;1sx1_1,4,fold_3
CYS_CYS_HIS_HIS,>Cluster 1,1ej6_1,1,fold_1
CYS_CYS_HIS_HIS,>Cluster 2,2xzl_4,1,fold_2
CYS_CYS_HIS_HIS,>Cluster 3,4fwj_2;4fwj_6;4fwe_2;4fwf_2;4gu1_1;4gu0_9;4gu0_4;4gur_2;4gu0_6;4hsu_3;4gu0_10,11,fold_3
CYS_CYS_HIS_HIS,>Cluster 4,3jbx_4;3jbx_3;4wwx_1;4wwx_2;1rmd_2,5,fold_4
CYS_CYS_HIS_HIS,>Cluster 6,5u7g_5;2n1a_2;1tot_2,3,fold_1
CYS_CYS_HIS_HIS,>Cluster 7,5ido_1,1,fold_2
CYS_CYS_HIS_HIS,>Cluster 8,4gdf_2;4gdf_1;2h1l_3;2h1l_16;2h1l_19;2h1l_24;2h1l_4;2h1l_10;2h1l_21;1n25_1;1n25_2,11,fold_3
CYS_CYS_HIS_HIS,>Cluster 9,4msx_1,1,fold_4
CYS_CYS_HIS_HIS,>Cluster 11,3mhh_3;3mhs_4;4zux_3;4zux_28;3m99_7,5,fold_1
CYS_CYS_HIS_HIS,>Cluster 12,3epl_3;3eph_11,2,fold_2
CYS_CYS_HIS_HIS,>Cluster 13,4dgw_1,1,fold_3
CYS_CYS_HIS_HIS,>Cluster 14,4xi6_2,1,fold_4
CYS_CYS_HIS_HIS,>Cluster 16,2vhf_1;2vhf_3,2,fold_1
CYS_CYS_HIS_HIS,>Cluster 17,3ax1_1,1,fold_2
CYS_CYS_HIS_HIS,>Cluster 18,2q4l_1;2q4l_4;1z84_1;1z84_2;2q4h_1;1zwj_2;2h39_1;1z84_1;1z84_2;2q4l_2;2q4l_3;2q4l_2;2q4l_3;1zwj_1;2q4h_3;2q4l_1;2q4l_4,17,fold_3
CYS_CYS_HIS_HIS,>Cluster 19,1gup_8;1gup_10;1gup_2;1gup_5,4,fold_4
CYS_CYS_HIS_HIS,>Cluster 21,3w5k_4;2jpa_1;2jpa_2;2jpa_3;2jpa_4;2jpa_1;2jpa_2;2jpa_3;2jpa_4;2jp9_1;2jp9_2;2jp9_3;2jp9_4;2jp9_1;2jp9_2;2jp9_3;2jp9_4;2prt_1;2prt_2;2prt_3;2jpa_1;2jpa_2;2jpa_3;2jpa_4;2jp9_1;2jp9_2;2jp9_3;2jp9_4;2jpa_1;2jpa_2;2jpa_3;2jpa_4;2prt_1;2prt_2;2prt_3;2jp9_1;2jp9_2;2jp9_3;2jp9_4;2prt_1;2prt_2;2prt_3;2n25_1;4gzn_1;1bbo_1;1bbo_2;1bbo_1;1bbo_2,48,fold_1
CYS_CYS_HIS_HIS,>Cluster 22,2xoc_4,1,fold_2
CYS_CYS_HIS_HIS,>Cluster 23,2eg3_1,1,fold_3
CYS_CYS_HIS_HIS,>Cluster 24,2czr_1,1,fold_4
CYS_CYS_HIS_HIS,>Cluster 26,1eh6_1;3kzy_2;3kzy_1;1yfh_1;1yfh_2,5,fold_1
CYS_CYS_HIS_HIS,>Cluster 27,5yef_11;5yef_15;5yef_16;5yef_17;5yef_19;5yef_3;5yef_5;5yef_15;5yef_16;5yef_17;5yef_19;5yef_3;5yef_5;5yef_15;5yef_16;5yef_17;5yef_19;5yef_3;5yef_5;5yef_15;5yef_16;5yef_17;5yef_19;5yef_3;5yef_5;5yef_15;5yef_16;5yef_17;5yef_19;5yef_3;5yef_5;5yef_10;5yef_15;5yef_16;5yef_17;5yef_19;5yef_3;5yef_5;5yef_1;5yef_22;5yef_1;5yef_22;2i13_6;5egb_3;5ei9_2;5eh2_4;5yeh_7;5yeg_3;2dlq_2;2dlq_3;2dlq_2;2dlq_3;5k5h_1;5k5h_3;5k5h_4;5k5h_1;5k5h_3;5k5h_4;5k5h_1;5k5h_3;5k5h_4;5k5i_2;2dmd_1;2dmd_3;2dmd_1;2dmd_3;5k5l_5;2rsi_3;2ct1_1,69,fold_2
CYS_CYS_HIS_HIS,>Cluster 28,4i7c_2;4i7d_2;4i7b_2;4c9z_1;4x3g_4;2a25_1;2an6_8;2an6_7;2an6_6;1k2f_6;1k2f_1,11,fold_3
CYS_CYS_HIS_HIS,>Cluster 29,1tf6_1;1tf6_11;1tf6_3;1tf6_10;1tf6_6;1tf6_1;1tf6_11;1tf6_3;1tf6_1;1tf6_11;1tf6_3;1tf6_10;1tf6_6;1tf3_1;1tf3_2;1tf3_3;1tf3_1;1tf3_2;1tf3_3;1tf3_1;1tf3_2;1tf3_3;2hgh_1;2hgh_2;2hgh_3;2hgh_1;2hgh_2;2hgh_3;1un6_19;1un6_2;1un6_7;1un6_9;1un6_11;1un6_14;1un6_7;1un6_9;2hgh_1;2hgh_2;2hgh_3;1un6_19;1un6_2;1un6_11;1un6_14;2j7j_1;2j7j_2;2j7j_1;2j7j_2,47,fold_4
CYS_CYS_HIS_HIS,>Cluster 31,1odh_2,1,fold_1
CYS_CYS_HIS_HIS,>Cluster 32,4lmg_1,1,fold_2
CYS_CYS_HIS_HIS,>Cluster 33,2rpc_1;2rpc_2;2rpc_3;2rpc_4;2rpc_1;2rpc_2;2rpc_3;2rpc_4;2rpc_1;2rpc_2;2rpc_3;2rpc_4;2rpc_1;2rpc_2;2rpc_3;2rpc_4;1ubd_1;1ubd_2;1ubd_4;1ubd_1;1ubd_2;1ubd_4;1ubd_1;1ubd_2;1ubd_4;2csh_2;2csh_3;2csh_2;2csh_3;2ebt_1;2ebt_2;2ebt_1;2ebt_2;2ej4_1;2ej4_2;2ej4_1;2ej4_2;5ke8_1;5ke8_2;5keb_1;5keb_2;5ke8_1;5ke8_2;5kea_2;5kea_3;5ke9_2;5ke9_3;5ke9_2;5ke9_3;5keb_1;5keb_2;5kea_2;5kea_3;1a1f_1;1a1f_2;1a1f_3;1g2d_3;1g2d_6;1a1l_3;1aay_3;1a1g_1;1a1f_1;1a1f_2;1a1f_3;1g2d_4;1g2d_5;2wbu_1;2wbu_3;1a1k_3;1a1h_3;1g2d_4;1g2d_5;1a1f_1;1a1f_2;1a1f_3;1a1i_1;2wbu_1;2wbu_3;1g2d_3;1g2d_6;1p47_1;1p47_5;1p47_6;1zaa_2;1p47_1;1p47_5;1p47_6;1p47_2;1p47_1;1p47_5;1p47_6;2dlk_1;2dlk_2;2dlk_1;2dlk_2;2lce_1;2lce_2;2lce_1;2lce_2;1f2i_12;1f2i_1;1u86_1;1va2_1;1sp2_1,104,fold_3
CYS_CYS_HIS_HIS,>Cluster 34,2oik_1,1,fold_4
CYS_CYS_HIS_HIS,>Cluster 36,4f99_2;4f9b_1,2,fold_1
CYS_CYS_HIS_HIS,>Cluster 37,2dkt_4;2k2c_5,2,fold_2
CYS_CYS_HIS_HIS,>Cluster 38,3r6f_1,1,fold_3
CYS_CYS_HIS_HIS,>Cluster 39,2lt7_1;2lt7_2;2lt7_3;4f6m_3;4f6n_2;2lt7_1;2lt7_2;2lt7_3;2lt7_1;2lt7_2;2lt7_3,11,fold_4
CYS_CYS_HIS_HIS,>Cluster 41,5din_3;5h7s_4;5h7r_3,3,fold_1
CYS_CYS_HIS_HIS,>Cluster 42,2wbt_1,1,fold_2
CYS_CYS_HIS_HIS,>Cluster 43,1zu1_1;1zu1_2;1zu1_1;1zu1_2;2mkn_1,5,fold_3
CYS_CYS_HIS_HIS,>Cluster 44,5c4v_3;5c4v_1;5c4v_2;1mr1_2;1mr1_1,5,fold_4
CYS_CYS_HIS_HIS,>Cluster 46,2i50_1,1,fold_1
CYS_CYS_HIS_HIS,>Cluster 47,1zr9_1,1,fold_2
CYS_CYS_HIS_HIS,>Cluster 48,1wir_1,1,fold_3
CYS_CYS_HIS_HIS,>Cluster 49,2dmi_1;2dmi_2;2dmi_1;2dmi_2,4,fold_4
CYS_CYS_HIS_HIS,>Cluster 51,1wjp_3,1,fold_1
CYS_CYS_HIS_HIS,>Cluster 52,2ee8_1;2ee8_2;2ee8_3;2ee8_1;2ee8_2;2ee8_3;2ee8_1;2ee8_2;2ee8_3;2yt9_1;2yt9_2;2yt9_3;2yt9_1;2yt9_2;2yt9_3;2yt9_1;2yt9_2;2yt9_3;1mey_6;1mey_7;1mey_2;1mey_6;1mey_7;1x6h_1;2kmk_1;2kmk_2;2kmk_3;2kmk_1;2kmk_2;2kmk_3;2kmk_1;2kmk_2;2kmk_3;2cot_1;1x6e_1;1x6e_2;1x6e_1;1x6e_2;2adr_1;2adr_2;2adr_1;2adr_2,42,fold_2
CYS_CYS_HIS_HIS,>Cluster 53,2ida_2,1,fold_3
CYS_CYS_HIS_HIS,>Cluster 54,2ghf_1;2ghf_2;2ghf_1;2ghf_2,4,fold_4
CYS_CYS_HIS_HIS,>Cluster 56,2m9a_1;2m9a_2;2m9a_3;2m9a_1;2m9a_2;2m9a_3;2m9a_1;2m9a_2;2m9a_3;2rsj_3;2d9h_1;2d9h_2;2d9h_1;2d9h_2;4is1_8;4f2j_2,16,fold_1
CYS_CYS_HIS_HIS,>Cluster 57,2gqj_1;2ctd_1,2,fold_2
CYS_CYS_HIS_HIS,>Cluster 58,2dip_2,1,fold_3
CYS_CYS_HIS_HIS,>Cluster 59,2uzg_1,1,fold_4
CYS_CYS_HIS_HIS,>Cluster 61,2mq1_2,1,fold_1
CYS_CYS_HIS_HIS,>Cluster 62,1x6f_1,1,fold_2
CYS_CYS_HIS_HIS,>Cluster 63,2rpr_1,1,fold_3
CYS_CYS_HIS_HIS,>Cluster 64,2lv2_1;2lv2_2;2lv2_1;2lv2_2,4,fold_4
CYS_CYS_HIS_HIS,>Cluster 66,2fc7_2,1,fold_1
CYS_CYS_HIS_HIS,>Cluster 67,3nih_2;3nik_6;3ny1_1,3,fold_2
CYS_CYS_HIS_HIS,>Cluster 68,2cor_2,1,fold_3
CYS_CYS_HIS_HIS,>Cluster 69,1wj2_1;2lex_1;2ayd_1,3,fold_4
CYS_CYS_HIS_HIS,>Cluster 71,1x3c_1,1,fold_1
CYS_CYS_HIS_HIS,>Cluster 72,2ct5_1,1,fold_2
CYS_CYS_HIS_HIS,>Cluster 73,1x5w_2,1,fold_3
CYS_CYS_HIS_HIS,>Cluster 74,4bmj_22;4bmj_12;4bmj_13;2m7q_1;2m7q_2;4bmj_10;4bmj_1;2m7q_1;2m7q_2;4bmj_11;4bmj_16;4bmj_12;4bmj_13;4bmj_15;5aas_1;5aas_2;5aas_1;5aas_2,18,fold_4
CYS_CYS_HIS_HIS,>Cluster 76,1nyp_2,1,fold_1
CYS_CYS_HIS_HIS,>Cluster 77,2drp_2,1,fold_2
CYS_CYS_HIS_HIS,>Cluster 78,2m13_2;2mke_2,2,fold_3
CYS_CYS_HIS_HIS,>Cluster 79,1zw8_1;1zw8_2;1zw8_1;1zw8_2,4,fold_4
CYS_CYS_HIS_HIS,>Cluster 81,2vrd_1,1,fold_1
CYS_CYS_HIS_HIS,>Cluster 82,5aaq_1;2mxp_1,2,fold_2
CYS_CYS_HIS_HIS,>Cluster 83,2md8_2;2md7_2,2,fold_3
CYS_CYS_HIS_HIS,>Cluster 84,2mdg_1;2mdg_2;2mdg_1;2mdg_2,4,fold_4
CYS_CYS_HIS_HIS,>Cluster 86,2eps_1;2epx_1,2,fold_1
CYS_CYS_HIS_HIS,>Cluster 87,2mvw_3;2mvw_1,2,fold_2
CYS_CYS_HIS_HIS,>Cluster 88,2yvr_1,1,fold_3
CYS_CYS_HIS_HIS,>Cluster 89,2n95_1,1,fold_4
CYS_CYS_HIS_HIS,>Cluster 91,1ncs_1,1,fold_1
CYS_CYS_HIS_HIS,>Cluster 92,2yu8_1;2em0_1;2em3_1;2ena_1;2emf_1;2en4_1;2em5_1;2eq3_1;2eoe_1;2en6_1;2ely_1;2elz_1;2yso_1;2emp_1;2eon_1;2ema_1;2eow_1;2en9_1;2en1_1;2ep2_1;2eoq_1;2em7_1;2eq4_1;2ep1_1;2em6_1;2em9_1;2eoh_1;2emj_1;2eml_1;2eov_1;2emx_1;2yrh_1;2emb_1;2em1_1;2eoi_1;2eof_1;2emv_1;2ysv_1;2ept_1,39,fold_2
CYS_CYS_HIS_HIS,>Cluster 93,2em4_1;2emz_1;2en3_1;2eoo_1;2eoz_1;2ytk_1;2epw_1;2eog_1;2en7_1;2eoj_1;2yu5_1;2ytb_1,12,fold_3
CYS_CYS_HIS_HIS,>Cluster 94,2epq_1;2yte_1;2eqw_1;2el5_1;2eos_1;2yta_1;1p7a_1;2elt_1;2ruu_1;1u85_1,10,fold_4
CYS_CYS_HIS_HIS,>Cluster 96,2yrm_1,1,fold_1
CYS_CYS_HIS_HIS,>Cluster 97,1q3z_2;1q3y_2,2,fold_2
CYS_CYS_HIS_HIS,>Cluster 98,2i5o_1;3wup_1,2,fold_3
CYS_CYS_HIS_HIS,>Cluster 99,2eln_1,1,fold_4
CYS_CYS_HIS_HIS,>Cluster 101,2elu_1;2elw_1,2,fold_1
CYS_CYS_HIS_HIS,>Cluster 102,2elo_1,1,fold_2
CYS_CYS_HIS_HIS,>Cluster 103,2elp_1;2rv1_1,2,fold_3
CYS_CYS_HIS_HIS,>Cluster 104,1va1_1,1,fold_4
CYS_CYS_HIS_HIS,>Cluster 106,1jn7_1,1,fold_1
CYS_CYS_HIS_HIS,>Cluster 107,2elv_1,1,fold_2
CYS_CYS_HIS_HIS,>Cluster 108,2els_1;2elr_1;2m0e_1,3,fold_3
CYS_CYS_HIS_HIS,>Cluster 109,1srk_1,1,fold_4
CYS_CYS_HIS_HIS,>Cluster 111,3mjh_2,1,fold_1
CYS_CYS_HIS_HIS,>Cluster 112,1zfd_1,1,fold_2
CYS_CYS_HIS_HIS,>Cluster 113,1xrz_1;1klr_1;7znf_1,3,fold_3
CYS_CYS_HIS_HIS,>Cluster 114,2m0d_1;2lvr_1,2,fold_4
CYS_CYS_HIS_HIS,>Cluster 116,3znf_1,1,fold_1
CYS_CYS_HIS_HIS,>Cluster 117,2ab7_1;2ab3_1,2,fold_2
CYS_CYS_HIS_HIS,>Cluster 118,1va3_1;1sp1_1,2,fold_3
CYS_CYS_HIS_HIS,>Cluster 119,2m0f_1;2lvt_1,2,fold_4
CYS_CYS_HIS_HIS,>Cluster 121,1znm_1;2kvf_1,2,fold_1
CYS_CYS_HIS_HIS,>Cluster 122,2kvh_1,1,fold_2
CYS_CYS_HIS_HIS,>Cluster 123,2kvg_1,1,fold_3
CYS_CYS_HIS_HIS,>Cluster 124,2lvu_1,1,fold_4
CYS_CYS_CYS,>Cluster 1,3aoi_2;4wqt_4;1zyr_2;2cw0_5;4wqt_5;3wod_1;1ynj_1;3aoi_3;2cw0_2;4wqs_3;3aoh_2;4s20_6;4jkr_9;4ylp_8;3lu0_1;4yln_5;4igc_2;4lk0_2;4jk2_2;4igc_1;6b6h_2;4kmu_3;5byh_1;5ui8_3;4jk2_4;5uac_3;6alf_3;4yln_8;1hqm_2;1i6v_1,30,fold_1
CYS_CYS_CYS,>Cluster 2,5x50_2;5x4z_3;6a5r_6;3m4o_1;5c3e_9;2e2h_9;1sfo_3;2e2i_3;2nvz_8;4bxz_3;5fj8_2;2pmz_5;3hkz_13,13,fold_2
CYS_CYS_CYS,>Cluster 3,5exr_5;5exr_3,2,fold_3
CYS_CYS_CYS,>Cluster 4,4ddv_1,1,fold_4
CYS_CYS_CYS,>Cluster 6,5kkl_3,1,fold_1
CYS_CYS_CYS,>Cluster 7,5onh_3;2v0g_4,2,fold_2
CYS_CYS_CYS,>Cluster 8,1gax_1,1,fold_3
CYS_CYS_CYS,>Cluster 9,1jzq_1,1,fold_4
CYS_CYS_CYS,>Cluster 11,4v1v_4,1,fold_1
CYS_CYS_CYS,>Cluster 12,4g9i_11;4g9i_15;4g9i_9;3ttf_3,4,fold_2
CYS_CYS_CYS,>Cluster 13,5kyw_1,1,fold_3
CYS_CYS_CYS,>Cluster 14,5ls6_12;5ls6_15;5ls6_16;5ls6_8,4,fold_4
CYS_CYS_CYS,>Cluster 16,4gsl_2,1,fold_1
CYS_CYS_CYS,>Cluster 17,4k88_1;4hvc_2;4hvc_1;5vad_2;5f9y_1;5f9y_2,6,fold_2
CYS_CYS_CYS,>Cluster 18,3puq_4,1,fold_3
CYS_CYS_CYS,>Cluster 19,5lb8_1;5lba_1,2,fold_4
CYS_CYS_CYS,>Cluster 21,4txa_1,1,fold_1
CYS_CYS_CYS,>Cluster 22,3h0r_20,1,fold_2
CYS_CYS_CYS,>Cluster 23,4fjc_14;4fip_11;4zux_10;4zux_21,4,fold_3
CYS_CYS_CYS,>Cluster 24,5l7j_2;5l7l_2,2,fold_4
CYS_CYS_CYS,>Cluster 26,4zyn_1;4zyn_16;4zyn_1;4zyn_16;5c23_15;5c23_8;4bm9_2,7,fold_1
CYS_CYS_CYS,>Cluster 27,4i14_1;2bz0_2,2,fold_2
CYS_CYS_CYS,>Cluster 28,4n0o_15;4n0o_4,2,fold_3
CYS_CYS_CYS,>Cluster 29,1umy_1;1lt8_1,2,fold_4
CYS_CYS_CYS,>Cluster 31,5it5_6,1,fold_1
CYS_CYS_CYS,>Cluster 32,3rvh_4,1,fold_2
CYS_CYS_CYS,>Cluster 33,3uko_2,1,fold_3
CYS_CYS_CYS,>Cluster 34,1xxh_2,1,fold_4
CYS_CYS_CYS,>Cluster 36,3h9q_2,1,fold_1
CYS_CYS_CYS,>Cluster 37,1h7r_1;1aw5_1;5hms_1;1e51_1;1b4e_3,5,fold_2
CYS_CYS_CYS,>Cluster 38,1xxh_1;1xxh_6,2,fold_3
CYS_CYS_CYS,>Cluster 39,2b8k_2;1y1v_3,2,fold_4
CYS_CYS_CYS,>Cluster 41,2hw7_1,1,fold_1
CYS_CYS_CYS,>Cluster 42,3di4_1,1,fold_2
CYS_CYS_CYS,>Cluster 43,3mo0_4,1,fold_3
CYS_CYS_CYS,>Cluster 44,4tvr_3;3sox_5,2,fold_4
CYS_CYS_CYS,>Cluster 46,1l1z_1,1,fold_1
CYS_CYS_CYS,>Cluster 47,5i8b_1,1,fold_2
CYS_CYS_CYS,>Cluster 48,1zkm_3;1zfn_2,2,fold_3
CYS_CYS_CYS,>Cluster 49,2h59_1,1,fold_4
CYS_CYS_CYS,>Cluster 51,3nw0_2,1,fold_1
CYS_CYS_CYS,>Cluster 52,4mzr_1;4mzi_1,2,fold_2
CYS_CYS_CYS,>Cluster 53,2mzw_1,1,fold_3
CYS_CYS_CYS,>Cluster 54,2b5l_2,1,fold_4
CYS_CYS_CYS,>Cluster 56,3l1v_2;3l1u_4,2,fold_1
CYS_CYS_CYS,>Cluster 57,1vvr_48;4eja_38;2uub_20;3d5a_245;3t1h_139;5lmn_18;3v6v_262;3v22_7;4dhb_46;2uxb_104;4dh9_116;4btc_31;2uxc_68;3i8g_179;5lmo_78;3t1y_60;4b3t_79;3uz4_479;4kfk_374;3uz3_99;3tvg_435;4g5t_370;3pys_2;3pyn_2;1n36_1;4kfh_523;3ms0_1;4b3m_165;4l6k_1,29,fold_2
CYS_CYS_CYS,>Cluster 58,3u5m_19,1,fold_3
CYS_CYS_CYS,>Cluster 59,3sud_2;3sv8_1;2a4g_1;2xni_3;1a1r_1;2xcn_3;4ktc_1;3oyp_2;1dxp_1;3oyp_1;1jxp_2;2k1q_1;1bt7_1;1dxw_1;4k8b_1;2qv1_1,16,fold_4
CYS_CYS_CYS,>Cluster 61,1x6m_4;1x6m_2,2,fold_1
CYS_CYS_CYS,>Cluster 62,5c2o_2,1,fold_2
CYS_CYS_CYS,>Cluster 63,3m7n_2,1,fold_3
CYS_CYS_CYS,>Cluster 64,2pf4_8,1,fold_4
CYS_CYS_CYS,>Cluster 66,1z6u_1,1,fold_1
CYS_CYS_CYS,>Cluster 67,1wpk_1;1zgw_1;1u8b_1,3,fold_2
CYS_CYS_CYS,>Cluster 68,2qfb_7,1,fold_3
CYS_CYS_CYS,>Cluster 69,5ezb_1,1,fold_4
CYS_CYS_CYS,>Cluster 71,2xjz_6,1,fold_1
CYS_CYS_CYS,>Cluster 72,5m5y_1;4c3h_4,2,fold_2
CYS_CYS_CYS,>Cluster 73,5iy7_5;2b8k_1;2nvy_1;1y1w_4;3hov_4;1wcm_7;3m4o_7;2nvz_4;3hoz_6;3gto_3;3gtg_3;3gtg_7;2e2h_7;5c3e_3;5c3e_5;3k7a_3;3k7a_4;2b63_9;3gtg_3;3gtg_7;1r9t_8;2e2i_7;3gtk_1;2vum_7;3how_6;5c3e_3;5c3e_5;3gtm_8;2nvx_1;3k7a_3;3k7a_4;4bxz_8;3h3v_7;3hou_12;6a5r_4;3h0g_14;3h0g_11,37,fold_3
CYS_CYS_CYS,>Cluster 74,3j80_17;3j81_24;5it9_10,3,fold_4
CYS_CYS_CYS,>Cluster 76,4hca_1;3dfx_2,2,fold_1
CYS_CYS_CYS,>Cluster 77,5u2j_5,1,fold_2
CYS_CYS_CYS,>Cluster 78,5fj8_3;5fj9_5,2,fold_3
CYS_CYS_CYS,>Cluster 79,3dqv_3;4a0c_1;4a0c_2,3,fold_4
CYS_CYS_CYS,>Cluster 81,3j7y_25;3ofc_73,2,fold_1
CYS_CYS_CYS,>Cluster 82,3lrq_3,1,fold_2
CYS_CYS_CYS,>Cluster 83,4zux_29;4zux_2,2,fold_3
CYS_CYS_CYS,>Cluster 84,5ulh_1;5ulh_2;5ulh_1;5ulh_2,4,fold_4
CYS_CYS_CYS,>Cluster 86,3u5c_1,1,fold_1
CYS_CYS_CYS,>Cluster 87,1glu_2,1,fold_2
CYS_CYS_CYS,>Cluster 88,5x50_5;6a5o_8;3gtl_4;3h3v_5;2e2h_8;1twf_7;3fki_3;2nvz_5;3how_7;3hoy_9;3gtq_6;1i50_8;2e2i_5;1y1w_3;3m3y_2;3gtk_8;2nvy_2;2nvx_3;3i4m_7;3h0g_4,20,fold_3
CYS_CYS_CYS,>Cluster 89,6a5o_4;3gtl_2;3gtg_2;3gto_8;5fj8_5;5c4a_5;4bxz_7;2pmz_12,8,fold_4
CYS_CYS_CYS,>Cluster 91,4yj0_1,1,fold_1
CYS_CYS_CYS,>Cluster 92,4tma_1,1,fold_2
CYS_CYS_CYS,>Cluster 93,4a47_1;4a47_2,2,fold_3
CYS_CYS_CYS,>Cluster 94,4g5t_612;3v26_48;2v48_84;3kix_121;4kwz_23;3v24_36;2f4v_87;3t1h_107;3oto_21;5lms_1;3d5a_255;4g5k_563;3v22_18;1n36_2;3ms0_2;3pys_1;4l6m_1;4kfk_492;4yhh_98;1n33_74,20,fold_4
CYS_CYS_CYS,>Cluster 96,5aie_2,1,fold_1
CYS_CYS_CYS,>Cluster 97,2zp9_2,1,fold_2
CYS_CYS_CYS,>Cluster 98,3huz_162;3kiy_205,2,fold_3
CYS_CYS_CYS,>Cluster 99,5af6_1,1,fold_4
CYS_CYS_CYS,>Cluster 101,2l45_1,1,fold_1
CYS_HIS_CYS_CYS,>Cluster 1,3j9d_1,1,fold_1
CYS_HIS_CYS_CYS,>Cluster 2,4coj_3;4coi_1,2,fold_2
CYS_HIS_CYS_CYS,>Cluster 3,4kbl_3;4kbl_1;4kc9_2,3,fold_3
CYS_HIS_CYS_CYS,>Cluster 4,3mhh_7;4zux_16;4zux_30;3m99_6,4,fold_4
CYS_HIS_CYS_CYS,>Cluster 6,3qov_4,1,fold_1
CYS_HIS_CYS_CYS,>Cluster 7,4zyn_13;4k7d_3;4bm9_5;4i1f_3;5caw_1,5,fold_2
CYS_HIS_CYS_CYS,>Cluster 8,4n0n_4;4n0o_12;4n0o_19,3,fold_3
CYS_HIS_CYS_CYS,>Cluster 9,4qn1_1,1,fold_4
CYS_HIS_CYS_CYS,>Cluster 11,2i14_1,1,fold_1
CYS_HIS_CYS_CYS,>Cluster 12,2y1m_13;2y1m_1;1fbv_2;2k4d_1;2ldr_2,5,fold_2
CYS_HIS_CYS_CYS,>Cluster 13,2oq6_3;5ly2_8;2ybp_3;5kr7_2;5f3e_7;5f2w_2;5f2s_1;5f39_2;2p5b_2;2gp3_1;2gp5_1;4xdo_2;3dxu_2;4hoo_3;4hoo_1,15,fold_3
CYS_HIS_CYS_CYS,>Cluster 14,3i2d_1;5jne_1,2,fold_4
CYS_HIS_CYS_CYS,>Cluster 16,1anv_1;1adu_2,2,fold_1
CYS_HIS_CYS_CYS,>Cluster 17,1g71_1,1,fold_2
CYS_HIS_CYS_CYS,>Cluster 18,4n0g_2;4n0g_6,2,fold_3
CYS_HIS_CYS_CYS,>Cluster 19,5iy9_9;5iy6_6;5iy8_3;5iyb_5;1rly_1;1dl6_1,6,fold_4
CYS_HIS_CYS_CYS,>Cluster 21,4mb7_1,1,fold_1
CYS_HIS_CYS_CYS,>Cluster 22,4pd2_1,1,fold_2
CYS_HIS_CYS_CYS,>Cluster 23,3htk_1,1,fold_3
CYS_HIS_CYS_CYS,>Cluster 24,2rf5_1;4hyf_3;4k4f_2;4k4f_1,4,fold_4
CYS_HIS_CYS_CYS,>Cluster 26,2xb4_1,1,fold_1
CYS_HIS_CYS_CYS,>Cluster 27,4gel_2;4gel_1,2,fold_2
CYS_HIS_CYS_CYS,>Cluster 28,4u99_3,1,fold_3
CYS_HIS_CYS_CYS,>Cluster 29,2fpr_3,1,fold_4
CYS_HIS_CYS_CYS,>Cluster 31,1cw0_2;1vsr_1;1odg_1,3,fold_1
CYS_HIS_CYS_CYS,>Cluster 32,1z6u_4;1z6u_3,2,fold_2
CYS_HIS_CYS_CYS,>Cluster 33,4lad_1;2lxh_2;2ect_2;2lxp_2;2jrj_2,5,fold_3
CYS_HIS_CYS_CYS,>Cluster 34,2dkt_3;2k2c_2,2,fold_4
CYS_HIS_CYS_CYS,>Cluster 36,4iur_2;4iur_1;4iup_1;4iuq_2,4,fold_1
CYS_HIS_CYS_CYS,>Cluster 37,5ait_2;2ea6_1;2xeu_1,3,fold_2
CYS_HIS_CYS_CYS,>Cluster 38,2i50_2,1,fold_3
CYS_HIS_CYS_CYS,>Cluster 39,2l6m_1,1,fold_4
CYS_HIS_CYS_CYS,>Cluster 41,4b86_7;4b7y_3;4b86_11;4b86_9,4,fold_1
CYS_HIS_CYS_CYS,>Cluster 42,1rmd_3,1,fold_2
CYS_HIS_CYS_CYS,>Cluster 43,1v87_2,1,fold_3
CYS_HIS_CYS_CYS,>Cluster 44,1jm7_3;5fey_3,2,fold_4
CYS_HIS_CYS_CYS,>Cluster 46,3c5k_3,1,fold_1
CYS_HIS_CYS_CYS,>Cluster 47,5cyz_1;5czo_1;5czo_2,3,fold_2
CYS_HIS_CYS_CYS,>Cluster 48,1d0q_1,1,fold_3
CYS_HIS_CYS_CYS,>Cluster 49,2m7a_1,1,fold_4
CYS_HIS_CYS_CYS,>Cluster 51,2ko5_2;5i72_1,2,fold_1
CYS_HIS_CYS_CYS,>Cluster 52,2uzg_3,1,fold_2
CYS_HIS_CYS_CYS,>Cluster 53,1oqj_1,1,fold_3
CYS_HIS_CYS_CYS,>Cluster 54,5lnk_9;5lc5_9,2,fold_4
CYS_HIS_CYS_CYS,>Cluster 56,2yu4_1,1,fold_1
CYS_HIS_CYS_CYS,>Cluster 57,5jw7_1;2ct2_2;1bor_1;2mwx_2,4,fold_2
CYS_HIS_CYS_CYS,>Cluster 58,2cs3_1,1,fold_3
CYS_HIS_CYS_CYS,>Cluster 59,5d0k_1;5lg7_1;5lg0_1;2kiz_1;1iym_1,5,fold_4
CYS_HIS_CYS_CYS,>Cluster 61,2mq1_3,1,fold_1
CYS_HIS_CYS_CYS,>Cluster 62,2jz8_1,1,fold_2
CYS_HIS_CYS_CYS,>Cluster 63,3mi9_1;4ogr_1;5l1z_2;4or5_11;4or5_9,5,fold_3
CYS_HIS_CYS_CYS,>Cluster 64,2ecv_1;2ecw_1;2egp_2;2ysl_2;2ysj_1;2ecj_2,6,fold_4
CYS_HIS_CYS_CYS,>Cluster 66,2ecl_2,1,fold_1
CYS_HIS_CYS_CYS,>Cluster 67,5wuq_2;5wuq_1,2,fold_2
CYS_HIS_CYS_CYS,>Cluster 68,2odx_1,1,fold_3
CYS_HIS_CYS_CYS,>Cluster 69,2yhn_3;2yhn_4,2,fold_4
CYS_HIS_CYS_CYS,>Cluster 71,2ecg_2;3eb6_1;4auq_1,3,fold_1
CYS_HIS_CYS_CYS,>Cluster 72,2csv_2,1,fold_2
CYS_HIS_CYS_CYS,>Cluster 73,2d8t_2;2ea5_2,2,fold_3
CYS_HIS_CYS_CYS,>Cluster 74,2m7y_1;2bai_1,2,fold_4
CYS_HIS_CYS_CYS,>Cluster 76,1chc_2,1,fold_1
CYS_HIS_CYS_CYS,>Cluster 77,1g25_2,1,fold_2
CYS_HIS_CYS_CYS,>Cluster 78,2d8u_2;3ddt_2,2,fold_3
CYS_HIS_CYS_CYS,>Cluster 79,2ma6_2,1,fold_4
CYS_HIS_CYS_CYS,>Cluster 81,2yvr_2,1,fold_1
HIS_HIS_HIS,>Cluster 1,3ujz_1,1,fold_1
HIS_HIS_HIS,>Cluster 2,4rvw_3,1,fold_2
HIS_HIS_HIS,>Cluster 3,1lml_1,1,fold_3
HIS_HIS_HIS,>Cluster 4,1af0_2;3hbv_2,2,fold_4
HIS_HIS_HIS,>Cluster 6,2imr_1,1,fold_1
HIS_HIS_HIS,>Cluster 7,4lal_1,1,fold_2
HIS_HIS_HIS,>Cluster 8,2vcg_3,1,fold_3
HIS_HIS_HIS,>Cluster 9,5vn5_2,1,fold_4
HIS_HIS_HIS,>Cluster 11,2isv_2;3gb6_2;3gak_2;2isv_1;3ohi_1;2isw_1;3c52_3,7,fold_1
HIS_HIS_HIS,>Cluster 12,1xcr_1,1,fold_2
HIS_HIS_HIS,>Cluster 13,2ogw_1,1,fold_3
HIS_HIS_HIS,>Cluster 14,5lxa_1;3wxv_1,2,fold_4
HIS_HIS_HIS,>Cluster 16,4h54_2,1,fold_1
HIS_HIS_HIS,>Cluster 17,1qx0_1,1,fold_2
HIS_HIS_HIS,>Cluster 18,1pq4_1;2ov3_1,2,fold_3
HIS_HIS_HIS,>Cluster 19,4yhb_1,1,fold_4
HIS_HIS_HIS,>Cluster 21,2h6a_1,1,fold_1
HIS_HIS_HIS,>Cluster 22,3h3e_1,1,fold_2
HIS_HIS_HIS,>Cluster 23,12ca_2;1a42_1,2,fold_3
HIS_HIS_HIS,>Cluster 24,4xxf_1,1,fold_4
HIS_HIS_HIS,>Cluster 26,5k7j_2;5k7j_1,2,fold_1
HIS_HIS_HIS,>Cluster 27,1xv2_1,1,fold_2
HIS_HIS_HIS,>Cluster 28,3sfp_1;2wrs_1,2,fold_3
HIS_HIS_HIS,>Cluster 29,1jdi_1,1,fold_4
HIS_HIS_HIS,>Cluster 31,4m6r_1,1,fold_1
HIS_HIS_HIS,>Cluster 32,1e46_1,1,fold_2
HIS_HIS_HIS,>Cluster 33,1txl_1,1,fold_3
HIS_HIS_HIS,>Cluster 34,3umi_1,1,fold_4
HIS_HIS_HIS,>Cluster 36,5cuo_1,1,fold_1
HIS_HIS_HIS,>Cluster 37,1bsw_2,1,fold_2
HIS_HIS_HIS,>Cluster 38,3plw_2,1,fold_3
HIS_HIS_HIS,>Cluster 39,1y13_1,1,fold_4
HIS_HIS_HIS,>Cluster 41,1p1v_4;3h2q_4,2,fold_1
HIS_HIS_HIS,>Cluster 42,2h6l_1,1,fold_2
HIS_HIS_HIS,>Cluster 43,1b66_1,1,fold_3
HIS_HIS_HIS,>Cluster 44,3ux3_2;3ux3_1,2,fold_4
HIS_HIS_HIS,>Cluster 46,4jix_2;4jix_1,2,fold_1
HIS_HIS_HIS,>Cluster 47,4qhj_1,1,fold_2
HIS_HIS_HIS,>Cluster 48,2fqp_1,1,fold_3
HIS_HIS_GLU,>Cluster 1,4gsc_1;2wc0_2;4m1c_1;4dwk_2;2jg4_1;4q5z_2;4q5z_4;4q5z_5;4pes_1;4pf7_1,10,fold_1
HIS_HIS_GLU,>Cluster 2,4z7i_1;4p8q_1,2,fold_2
HIS_HIS_GLU,>Cluster 3,2y50_1,1,fold_3
HIS_HIS_GLU,>Cluster 4,3q7j_1,1,fold_4
HIS_HIS_GLU,>Cluster 6,2e26_3,1,fold_1
HIS_HIS_GLU,>Cluster 7,1dmt_1,1,fold_2
HIS_HIS_GLU,>Cluster 8,4wrn_1;4wrn_2,2,fold_3
HIS_HIS_GLU,>Cluster 9,1i1i_1,1,fold_4
HIS_HIS_GLU,>Cluster 11,1h19_2;1gw6_2,2,fold_1
HIS_HIS_GLU,>Cluster 12,1j36_1;3d0g_1;3d0h_1;2ajf_2,4,fold_2
HIS_HIS_GLU,>Cluster 13,1wgz_1;5giv_1,2,fold_3
HIS_HIS_GLU,>Cluster 14,4aw6_1,1,fold_4
HIS_HIS_GLU,>Cluster 16,1hr6_1,1,fold_1
HIS_HIS_GLU,>Cluster 17,1kho_3;1olp_1,2,fold_2
HIS_HIS_GLU,>Cluster 18,3lnn_1,1,fold_3
HIS_HIS_GLU,>Cluster 19,2xsn_1,1,fold_4
HIS_HIS_GLU,>Cluster 21,1ezm_1,1,fold_1
HIS_HIS_GLU,>Cluster 22,1bqb_2,1,fold_2
HIS_HIS_GLU,>Cluster 23,3dti_1,1,fold_3
HIS_HIS_GLU,>Cluster 24,3chv_2;2y7d_1,2,fold_4
HIS_HIS_GLU,>Cluster 26,1vk9_5,1,fold_1
HIS_HIS_GLU,>Cluster 27,1mbx_6;1mbx_3,2,fold_2
HIS_HIS_GLU,>Cluster 28,3cew_1,1,fold_3
HIS_HIS_ASP,>Cluster 1,4qg4_7,1,fold_1
HIS_HIS_ASP,>Cluster 2,2ce7_5;2ce7_11,2,fold_2
HIS_HIS_ASP,>Cluster 3,3tp9_1,1,fold_3
HIS_HIS_ASP,>Cluster 4,1xrf_1;3gri_2,2,fold_4
HIS_HIS_ASP,>Cluster 6,2q08_1,1,fold_1
HIS_HIS_ASP,>Cluster 7,3p1v_2,1,fold_2
HIS_HIS_ASP,>Cluster 8,5tq2_1,1,fold_3
HIS_HIS_ASP,>Cluster 9,4lao_1,1,fold_4
HIS_HIS_ASP,>Cluster 11,2e1w_1,1,fold_1
HIS_HIS_ASP,>Cluster 12,2x3b_1;1g12_1,2,fold_2
HIS_HIS_ASP,>Cluster 13,3zeu_2,1,fold_3
HIS_HIS_ASP,>Cluster 14,2hbv_2;4igm_1,2,fold_4
HIS_HIS_ASP,>Cluster 16,3jck_1;4ocl_2,2,fold_1
HIS_HIS_ASP,>Cluster 17,1xxe_1;2jt2_1;1yh8_1,3,fold_2
HIS_HIS_ASP,>Cluster 18,2j0e_4,1,fold_3
HIS_HIS_ASP,>Cluster 19,2bh7_1;4bxd_1;4bxd_2,3,fold_4
HIS_HIS_ASP,>Cluster 21,1dyq_1;4udu_3,2,fold_1
HIS_HIS_ASP,>Cluster 22,2qgs_1;2qgs_2,2,fold_2
HIS_HIS_ASP,>Cluster 23,3b4r_1;3b4r_2,2,fold_3
HIS_HIS_ASP,>Cluster 24,5cvi_6;5cvi_8,2,fold_4
HIS_HIS_ASP,>Cluster 26,1ty2_1;1ty2_2,2,fold_1
HIS_HIS_ASP,>Cluster 27,1eu3_1,1,fold_2
HIS_HIS_ASP,>Cluster 28,1j3g_1,1,fold_3
HIS_HIS_ASP,>Cluster 29,1eb6_1,1,fold_4
HIS_HIS_ASP,>Cluster 31,4rvp_1;3kh3_16;1oez_1,3,fold_1
HIS_HIS_ASP,>Cluster 32,1r5x_1;1oi0_1,2,fold_2
HIS_HIS_ASP,>Cluster 33,1c7k_1,1,fold_3
HIS_CYS_CYS_CYS,>Cluster 1,5ue8_2;5ue8_4;1y8f_1,3,fold_1
HIS_CYS_CYS_CYS,>Cluster 2,4fdg_1;4r7y_1;2vl6_1,3,fold_2
HIS_CYS_CYS_CYS,>Cluster 3,4czw_1,1,fold_3
HIS_CYS_CYS_CYS,>Cluster 4,3ky9_2;3bji_4,2,fold_4
HIS_CYS_CYS_CYS,>Cluster 6,5ikj_1,1,fold_1
HIS_CYS_CYS_CYS,>Cluster 7,4fip_2;3mhh_5;4fjc_5;4fjc_1;4zux_23;4zux_32;4zux_18;4zux_31;3m99_1,9,fold_2
HIS_CYS_CYS_CYS,>Cluster 8,1xa6_2;3cxl_2,2,fold_3
HIS_CYS_CYS_CYS,>Cluster 9,1z05_1;1z6r_1;1z6r_2;3bp8_2;1z6r_3,5,fold_4
HIS_CYS_CYS_CYS,>Cluster 11,2bjr_2;2bjr_1,2,fold_1
HIS_CYS_CYS_CYS,>Cluster 12,4jlx_1;4kb6_2,2,fold_2
HIS_CYS_CYS_CYS,>Cluster 13,4n0l_1;4qts_1;4qts_2,3,fold_3
HIS_CYS_CYS_CYS,>Cluster 14,3tht_5;3tht_2;3tht_4;3thp_2;3tht_6,5,fold_4
HIS_CYS_CYS_CYS,>Cluster 16,2qm1_4;3vgk_1;3vgk_4;3vgk_8,4,fold_1
HIS_CYS_CYS_CYS,>Cluster 17,2atq_1;1gpc_1,2,fold_2
HIS_CYS_CYS_CYS,>Cluster 18,2hye_1;2b5l_1;4i1s_1,3,fold_3
HIS_CYS_CYS_CYS,>Cluster 19,2pf4_4;2pf4_3;2pf4_7;2pkg_2,4,fold_4
HIS_CYS_CYS_CYS,>Cluster 21,4y94_1;1b55_2;1btk_3;2z0p_2;2z0p_3;1bwn_2;2lul_1,7,fold_1
HIS_CYS_CYS_CYS,>Cluster 22,1t3k_1,1,fold_2
HIS_CYS_CYS_CYS,>Cluster 23,5hp0_2;3t92_3;3io2_1;3io2_2;3io2_3;3io2_1;3io2_2;3io2_3;3io2_1;3io2_2;3io2_3;3p57_2;3p57_3;3p57_2;3p57_3;2ka6_1;2ka6_2;2ka6_3;2kje_1;2kje_2;2kje_3;2kje_1;2kje_2;2kje_3;2kje_1;2kje_2;2kje_3;2ka6_1;2ka6_2;2ka6_3;2ka6_1;2ka6_2;2ka6_3;1f81_1;1f81_2;1f81_3;1f81_1;1f81_2;1f81_3;1f81_1;1f81_2;1f81_3,42,fold_3
HIS_CYS_CYS_CYS,>Cluster 24,3rmq_1,1,fold_4
HIS_CYS_CYS_CYS,>Cluster 26,2eli_1;1tbo_2;1tbn_2;2enz_1;1ptq_2,5,fold_1
HIS_CYS_CYS_CYS,>Cluster 27,2row_1,1,fold_2
HIS_CYS_CYS_CYS,>Cluster 28,2yuu_1;2e73_1;2enn_1;2db6_1,4,fold_3
HIS_CYS_CYS_CYS,>Cluster 29,2yrt_1,1,fold_4
HIS_CYS_CYS_CYS,>Cluster 31,4yj0_6;4yj0_3;1lpv_2,3,fold_1
HIS_CYS_CYS_CYS,>Cluster 32,2e6i_1,1,fold_2
HIS_CYS_CYS_CYS,>Cluster 33,4b6d_3;4b6d_12,2,fold_3
CYS_CYS_HIS,>Cluster 1,3jb9_7,1,fold_1
CYS_CYS_HIS,>Cluster 2,3sp1_1;1li7_2,2,fold_2
CYS_CYS_HIS,>Cluster 3,4fjc_9;4fjc_2;4zux_11,3,fold_3
CYS_CYS_HIS,>Cluster 4,4zyn_9,1,fold_4
CYS_CYS_HIS,>Cluster 6,2g02_1,1,fold_1
CYS_CYS_HIS,>Cluster 7,4cbt_1;4cbt_2;4cbt_4,3,fold_2
CYS_CYS_HIS,>Cluster 8,1svl_1,1,fold_3
CYS_CYS_HIS,>Cluster 9,2q4h_2,1,fold_4
CYS_CYS_HIS,>Cluster 11,6bll_3,1,fold_1
CYS_CYS_HIS,>Cluster 12,5yef_14;5yeh_10;5yeg_2;5yeh_5,4,fold_2
CYS_CYS_HIS,>Cluster 13,2an6_3,1,fold_3
CYS_CYS_HIS,>Cluster 14,3hcs_10;3hct_3,2,fold_4
CYS_CYS_HIS,>Cluster 16,3dqv_2;4a0c_4;2mt5_2,3,fold_1
CYS_CYS_HIS,>Cluster 17,4fip_14;4fip_7,2,fold_2
CYS_CYS_HIS,>Cluster 18,1un6_12,1,fold_3
CYS_CYS_HIS,>Cluster 19,3nik_1,1,fold_4
CYS_CYS_HIS,>Cluster 21,2nab_1,1,fold_1
CYS_CYS_HIS,>Cluster 22,5gae_38;3oas_52;3j5u_1;2zjp_9;1vvo_208;3kiw_177;3dll_37,7,fold_2
CYS_CYS_HIS,>Cluster 23,3vhs_2,1,fold_3
CYS_CYS_HIS,>Cluster 24,2jvy_1,1,fold_4
HIS_ASP_HIS,>Cluster 1,2fut_2;2fuq_1,2,fold_1
HIS_ASP_HIS,>Cluster 2,4nei_1,1,fold_2
HIS_ASP_HIS,>Cluster 3,4ora_1,1,fold_3
HIS_ASP_HIS,>Cluster 4,2fgy_1,1,fold_4
HIS_ASP_HIS,>Cluster 6,3k9t_1,1,fold_1
HIS_ASP_HIS,>Cluster 7,3a4y_1,1,fold_2
HIS_ASP_HIS,>Cluster 8,3o2g_1,1,fold_3
HIS_ASP_HIS,>Cluster 9,2gu1_2,1,fold_4
HIS_ASP_HIS,>Cluster 11,2q7s_1,1,fold_1
HIS_ASP_HIS,>Cluster 12,2nqj_2,1,fold_2
HIS_ASP_HIS,>Cluster 13,3w20_2,1,fold_3
HIS_ASP_HIS,>Cluster 14,4xm0_4;2ixd_1,2,fold_4
HIS_ASP_HIS,>Cluster 16,5fbj_1,1,fold_1
HIS_ASP_HIS,>Cluster 17,5th9_9;1zvx_3;3lik_1,3,fold_2
HIS_ASP_HIS,>Cluster 18,4u8u_1,1,fold_3
HIS_ASP_HIS,>Cluster 19,5j1m_2,1,fold_4
HIS_ASP_HIS,>Cluster 21,1r44_1,1,fold_1
HIS_ASP_HIS,>Cluster 22,4tsd_1,1,fold_2
HIS_ASP_HIS,>Cluster 23,3it5_2,1,fold_3
HIS_ASP_HIS,>Cluster 24,3n1p_1,1,fold_4
HIS_ASP_HIS,>Cluster 26,5ho1_2,1,fold_1
ASP_HIS_HIS,>Cluster 1,4zga_3,1,fold_1
ASP_HIS_HIS,>Cluster 2,1sr9_1,1,fold_2
ASP_HIS_HIS,>Cluster 3,3au2_1,1,fold_3
ASP_HIS_HIS,>Cluster 4,3iuu_1,1,fold_4
ASP_HIS_HIS,>Cluster 6,2c1g_3,1,fold_1
ASP_HIS_HIS,>Cluster 7,4hzt_2;4i11_1;4i0g_1;4i0d_2;4i0e_2,5,fold_2
ASP_HIS_HIS,>Cluster 8,3wx7_2,1,fold_3
ASP_HIS_HIS,>Cluster 9,3a52_4,1,fold_4
ASP_HIS_HIS,>Cluster 11,1w57_1;1h47_1,2,fold_1
ASP_HIS_HIS,>Cluster 12,4v33_1;4hd5_1,2,fold_2
ASP_HIS_HIS,>Cluster 13,5k8c_1,1,fold_3
ASP_HIS_HIS,>Cluster 14,3ce9_1,1,fold_4
ASP_HIS_HIS,>Cluster 16,3blf_1,1,fold_1
ASP_HIS_HIS,>Cluster 17,3qbu_1,1,fold_2
ASP_HIS_HIS,>Cluster 18,2w3z_1,1,fold_3
ASP_HIS_HIS,>Cluster 19,4z60_1,1,fold_4
ASP_HIS_HIS,>Cluster 21,1yew_12;3rfr_10,2,fold_1
ASP_HIS_HIS,>Cluster 22,3h90_11;3h90_1,2,fold_2
ASP_HIS_HIS,>Cluster 23,3vus_2,1,fold_3
ASP_HIS_HIS,>Cluster 24,1cvc_1,1,fold_4
ASP_HIS_HIS,>Cluster 26,2nly_1,1,fold_1
ASP_HIS_HIS,>Cluster 27,1ck1_1;1i4x_1,2,fold_2
ASP_HIS_HIS,>Cluster 28,3r2j_1;1im5_1,2,fold_3
ASP_HIS_HIS,>Cluster 29,5jmu_2,1,fold_4
ASP_HIS_HIS,>Cluster 31,3o90_2,1,fold_1
ASP_HIS_HIS,>Cluster 32,1f5f_3;1lhv_1;1lhn_2,3,fold_2
ASP_HIS_HIS,>Cluster 33,2ovz_7,1,fold_3
CYS_HIS_CYS,>Cluster 1,5diz_2,1,fold_1
CYS_HIS_CYS,>Cluster 2,1irx_1,1,fold_2
CYS_HIS_CYS,>Cluster 3,4zux_24,1,fold_3
CYS_HIS_CYS,>Cluster 4,3oxl_3,1,fold_4
CYS_HIS_CYS,>Cluster 6,1e3e_2;1adb_2;1a72_2;1a71_1;6adh_4;1hdy_4;1adg_2;6adh_1;7adh_2;1agn_11,10,fold_1
CYS_HIS_CYS,>Cluster 7,5k1s_6,1,fold_2
CYS_HIS_CYS,>Cluster 8,1piw_4;1q1n_1;3two_3,3,fold_3
CYS_HIS_CYS,>Cluster 9,5f2w_4;5fpv_7,2,fold_4
CYS_HIS_CYS,>Cluster 11,5b5x_1,1,fold_1
CYS_HIS_CYS,>Cluster 12,2yv5_1,1,fold_2
CYS_HIS_CYS,>Cluster 13,5kiv_1,1,fold_3
CYS_HIS_CYS,>Cluster 14,3q06_1;2pcx_1;2mej_1;5kbd_2;2h1l_9;2h1l_20;4ibq_2,7,fold_4
CYS_HIS_CYS,>Cluster 16,3e1w_1,1,fold_1
CYS_HIS_CYS,>Cluster 17,1ekj_1,1,fold_2
CYS_HIS_CYS,>Cluster 18,4yf6_1;4yf6_6;4yf4_2,3,fold_3
CYS_HIS_CYS,>Cluster 19,2xjz_17,1,fold_4
CYS_HIS_CYS,>Cluster 21,4a0c_3,1,fold_1
CYS_HIS_CYS,>Cluster 22,3nyb_2,1,fold_2
CYS_HIS_CYS,>Cluster 23,2mmi_1,1,fold_3
HIS_CYS_CYS,>Cluster 1,4l5z_1;3ppc_1;3bq5_1;1u1h_2,4,fold_1
HIS_CYS_CYS,>Cluster 2,4gx1_6,1,fold_2
HIS_CYS_CYS,>Cluster 3,4fip_10,1,fold_3
HIS_CYS_CYS,>Cluster 4,2d5n_2,1,fold_4
HIS_CYS_CYS,>Cluster 6,5e4h_2,1,fold_1
HIS_CYS_CYS,>Cluster 7,1af2_1,1,fold_2
HIS_CYS_CYS,>Cluster 8,4au7_2,1,fold_3
HIS_CYS_CYS,>Cluster 9,4j4j_1;2m65_1;2nbq_1;2jyw_1;2kbo_1;2rpz_1;3vm8_1;2mzz_1,8,fold_4
HIS_CYS_CYS,>Cluster 11,4n9f_4,1,fold_1
HIS_CYS_CYS,>Cluster 12,1tiy_2,1,fold_2
HIS_CYS_CYS,>Cluster 13,2nz0_5;1nn7_1,2,fold_3
HIS_CYS_CYS,>Cluster 14,4p9d_6,1,fold_4
HIS_CYS_CYS,>Cluster 16,4yj0_2,1,fold_1
HIS_CYS_CYS,>Cluster 17,2l0z_1,1,fold_2
HIS_HIS_CYS_CYS,>Cluster 1,4uci_1,1,fold_1
HIS_HIS_CYS_CYS,>Cluster 2,4e7k_2;3l2q_1,2,fold_2
HIS_HIS_CYS_CYS,>Cluster 3,5u1c_2;3hpg_1;3hph_2;1k6y_1;1k6y_3;1k6y_6;3f9k_11;1wjb_1;1e0e_1;1wja_1;1wjc_1,11,fold_3
HIS_HIS_CYS_CYS,>Cluster 4,3m1m_1;1rni_1;1ro0_2,3,fold_4
HIS_HIS_CYS_CYS,>Cluster 6,1ia9_1;1iaj_2,2,fold_1
HIS_HIS_CYS_CYS,>Cluster 7,5ejk_5;5ejk_1;5ejk_9;5ejk_8;5ejk_6;3jca_3;3jca_1;3jca_4,8,fold_2
HIS_HIS_CYS_CYS,>Cluster 8,4paw_1,1,fold_3
HIS_HIS_CYS_CYS,>Cluster 9,2gvi_5,1,fold_4
HIS_HIS_CYS_CYS,>Cluster 11,6b0b_2,1,fold_1
HIS_HIS_CYS_CYS,>Cluster 12,2glz_1,1,fold_2
HIS_HIS_CYS_CYS,>Cluster 13,4cc9_1,1,fold_3
HIS_HIS_CYS_CYS,>Cluster 14,3nnq_1,1,fold_4
HIS_HIS_CYS_CYS,>Cluster 16,2jox_2,1,fold_1
HIS_HIS_CYS_CYS,>Cluster 17,1v5n_1,1,fold_2
HIS_HIS_CYS_CYS,>Cluster 18,2vje_3;2vje_2;2hdp_2,3,fold_3
HIS_HIS_CYS_CYS,>Cluster 19,2kak_1,1,fold_4
CYS_HIS_HIS,>Cluster 1,3jbw_1;3jbw_2,2,fold_1
CYS_HIS_HIS,>Cluster 2,1nyq_2;1nyr_2;1nyq_1;3ugt_1;3ugt_3;4p3n_1;4p3n_2;1evk_1;1evk_2,9,fold_2
CYS_HIS_HIS,>Cluster 3,1rjq_1;3gip_1,2,fold_3
CYS_HIS_HIS,>Cluster 4,3a31_1,1,fold_4
CYS_HIS_HIS,>Cluster 6,3idq_1,1,fold_1
CYS_HIS_HIS,>Cluster 7,2q4h_4,1,fold_2
CYS_HIS_HIS,>Cluster 8,1cnc_1,1,fold_3
CYS_HIS_HIS,>Cluster 9,5t53_1,1,fold_4
CYS_HIS_HIS,>Cluster 11,2an6_2,1,fold_1
CYS_HIS_HIS,>Cluster 12,1yfh_3,1,fold_2
CYS_HIS_HIS,>Cluster 13,1bs4_1;1bsk_1;1dff_1,3,fold_3
CYS_HIS_HIS,>Cluster 14,5b8d_2,1,fold_4
CYS_HIS_HIS,>Cluster 16,5a7u_1,1,fold_1
HIS_GLU_HIS,>Cluster 1,3mn8_1;1h8l_1,2,fold_1
HIS_GLU_HIS,>Cluster 2,5y4k_1,1,fold_2
HIS_GLU_HIS,>Cluster 3,1aye_1,1,fold_3
HIS_GLU_HIS,>Cluster 4,3h1m_1,1,fold_4
HIS_GLU_HIS,>Cluster 6,5f37_1,1,fold_1
HIS_GLU_HIS,>Cluster 7,5jwp_1,1,fold_2
HIS_GLU_HIS,>Cluster 8,1xov_1,1,fold_3
HIS_GLU_HIS,>Cluster 9,1qwr_2,1,fold_4
HIS_GLU_HIS,>Cluster 11,1ons_1,1,fold_1
HIS_GLU_HIS,>Cluster 12,4rhz_1,1,fold_2
HIS_GLU_HIS,>Cluster 13,1t0b_1,1,fold_3
HIS_GLU_HIS,>Cluster 14,4lq6_1,1,fold_4
HIS_GLU_HIS,>Cluster 16,3a9l_1;3a9l_2,2,fold_1
HIS_GLU_HIS,>Cluster 17,2bnm_1;2bno_2;2bnn_1,3,fold_2
HIS_GLU_HIS,>Cluster 18,1oek_3,1,fold_3
HIS_GLU_HIS,>Cluster 19,3czx_1,1,fold_4
HIS_GLU_HIS,>Cluster 21,1b1b_1,1,fold_1
HIS_GLU_HIS,>Cluster 22,4qhg_1,1,fold_2
GLU_HIS_HIS,>Cluster 1,5ezm_1,1,fold_1
GLU_HIS_HIS,>Cluster 2,3auo_1,1,fold_2
GLU_HIS_HIS,>Cluster 3,5tpq_1,1,fold_3
GLU_HIS_HIS,>Cluster 4,5tpr_1;4p53_1,2,fold_4
GLU_HIS_HIS,>Cluster 6,1nua_1;1nve_1;1nrx_1;1dqs_1,4,fold_1
GLU_HIS_HIS,>Cluster 7,2wvl_4;2wvl_7;2wvk_1,3,fold_2
GLU_HIS_HIS,>Cluster 8,2p50_1,1,fold_3
GLU_HIS_HIS,>Cluster 9,5gk5_7,1,fold_4
GLU_HIS_HIS,>Cluster 11,3rcm_1,1,fold_1
GLU_HIS_HIS,>Cluster 12,4uvq_1,1,fold_2
GLU_HIS_HIS,>Cluster 13,2oo4_6,1,fold_3
GLU_HIS_HIS,>Cluster 14,1m55_1,1,fold_4
GLU_HIS_HIS,>Cluster 16,2f44_3;2f44_1,2,fold_1
HIS_HIS_CYS,>Cluster 1,5ikk_3,1,fold_1
HIS_HIS_CYS,>Cluster 2,2ijd_1;2ijd_2;3ol6_3;3ol8_2;3ol6_1,5,fold_2
HIS_HIS_CYS,>Cluster 3,1ef0_2,1,fold_3
HIS_HIS_CYS,>Cluster 4,5dyj_2;3lla_2;3lmi_2,3,fold_4
HIS_HIS_CYS,>Cluster 6,4ols_1,1,fold_1
HIS_HIS_CYS,>Cluster 7,3kew_1,1,fold_2
HIS_HIS_CYS,>Cluster 8,1qr2_1;3nhj_2,2,fold_3
HIS_HIS_CYS,>Cluster 9,1oht_1,1,fold_4
HIS_HIS_CYS,>Cluster 11,2q1z_3,1,fold_1
HIS_HIS_CYS,>Cluster 12,1j6w_1;1joe_8;1joe_3;1ie0_1,4,fold_2
HIS_HIS_CYS,>Cluster 13,2l47_1,1,fold_3
HIS_HIS_CYS,>Cluster 14,1lba_1,1,fold_4
HIS_HIS_HIS_ASP,>Cluster 1,3hpa_1;4dyk_1,2,fold_1
HIS_HIS_HIS_ASP,>Cluster 2,2uz9_1,1,fold_2
HIS_HIS_HIS_ASP,>Cluster 3,2ood_1,1,fold_3
HIS_HIS_HIS_ASP,>Cluster 4,3mdu_1,1,fold_4
HIS_HIS_HIS_ASP,>Cluster 6,3o7u_2,1,fold_1
HIS_HIS_HIS_ASP,>Cluster 7,2bb0_1,1,fold_2
HIS_HIS_HIS_ASP,>Cluster 8,2plm_1,1,fold_3
HIS_HIS_HIS_ASP,>Cluster 9,2qt3_1,1,fold_4
HIS_HIS_HIS_ASP,>Cluster 11,4hjw_2;4hjw_1,2,fold_1
HIS_HIS_HIS_ASP,>Cluster 12,4b87_1,1,fold_2
HIS_HIS_HIS_ASP,>Cluster 13,2bgn_2;1ndv_1;1krm_1;1o5r_1;1a4l_1,5,fold_3
HIS_HIS_HIS_ASP,>Cluster 14,2hbv_3;4ig2_2,2,fold_4
HIS_HIS_HIS_ASP,>Cluster 16,3ij6_2,1,fold_1
HIS_HIS_HIS_ASP,>Cluster 17,4xrv_1,1,fold_2
HIS_HIS_HIS_ASP,>Cluster 18,1ccs_1,1,fold_3
HIS_HIS_HIS_ASP,>Cluster 19,2jlp_1;1hl4_1;1hl4_2;1do5_3;1do5_1;5k02_15;5k02_11;2af2_2;2af2_1;3ltv_2;3t5w_9;1ba9_1;1azv_2;1dsw_1;1l3n_2;1l3n_4,16,fold_4
HIS_HIS_HIS_ASP,>Cluster 21,1z9n_1;1eqw_1;2k4w_2;1bzo_1,4,fold_1
HIS_HIS_HIS_ASP,>Cluster 22,2vkr_17;1xer_3,2,fold_2
HIS_HIS_ASP_ASP,>Cluster 1,4qg4_2;3u1n_1,2,fold_1
HIS_HIS_ASP_ASP,>Cluster 2,2o6i_1;2o6i_2,2,fold_2
HIS_HIS_ASP_ASP,>Cluster 3,4bjh_3;3d6n_1,2,fold_3
HIS_HIS_ASP_ASP,>Cluster 4,1f0j_3,1,fold_4
HIS_HIS_ASP_ASP,>Cluster 6,1yg9_1;2nr6_1,2,fold_1
HIS_HIS_ASP_ASP,>Cluster 7,2hd1_1,1,fold_2
HIS_HIS_ASP_ASP,>Cluster 8,4ehc_1,1,fold_3
HIS_HIS_GLU_HIS,>Cluster 1,1xtf_1,1,fold_1
HIS_HIS_GLU_HIS,>Cluster 2,3st7_1;3vhr_1,2,fold_2
HIS_HIS_GLU_HIS,>Cluster 3,4e5v_1,1,fold_3
HIS_HIS_GLU_HIS,>Cluster 4,3c37_1,1,fold_4
HIS_HIS_GLU_HIS,>Cluster 6,3o14_1,1,fold_1
HIS_HIS_GLU_HIS,>Cluster 7,2q1z_2;2q1z_1,2,fold_2
HIS_HIS_GLU_HIS,>Cluster 8,2gc0_1;2gc2_1,2,fold_3
HIS_HIS_GLU_HIS,>Cluster 9,2a0s_1,1,fold_4
HIS_HIS_HIS_GLU,>Cluster 1,1fkw_1,1,fold_1
HIS_HIS_HIS_GLU,>Cluster 2,3hjt_2;3hjt_1;3gi1_2;3gi1_1;3cx3_1;3cx3_2;4h0f_1;4h0f_2,8,fold_2
HIS_HIS_HIS_GLU,>Cluster 3,3khi_1,1,fold_3
HIS_HIS_HIS_GLU,>Cluster 4,1cct_1,1,fold_4
HIS_HIS_HIS_GLU,>Cluster 6,1r61_1,1,fold_1
HIS_HIS_HIS_GLU,>Cluster 7,3lx3_1,1,fold_2
HIS_CYS_CYS_HIS,>Cluster 1,4gx1_5;4gx5_11;4gvl_4;4gvl_8;4gvl_5,5,fold_1
HIS_CYS_CYS_HIS,>Cluster 2,3mhh_6;4zux_15;4zux_12;3m99_3,4,fold_2
HIS_CYS_CYS_HIS,>Cluster 3,4axe_1;2xam_3;2xan_3;2xal_3;2xam_4;2xan_1;2xar_1;2xal_1;2xao_1,9,fold_3
HIS_CYS_CYS_HIS,>Cluster 4,6b0b_1,1,fold_4
HIS_CYS_CYS_HIS,>Cluster 6,2yre_1,1,fold_1
HIS_HIS_HIS_HIS,>Cluster 1,4bbp_1,1,fold_1
HIS_HIS_HIS_HIS,>Cluster 2,1cgl_4;1cgl_1;3uvc_5;1ros_4;1ros_5;4h1q_5,6,fold_2
HIS_HIS_HIS_HIS,>Cluster 3,3qqd_1;3cqq_2,2,fold_3
HIS_HIS_HIS_HIS,>Cluster 4,3ht2_1,1,fold_4
HIS_HIS_HIS_HIS,>Cluster 6,1v13_2;1v13_1;1m08_2;1m08_1,4,fold_1
HIS_HIS_HIS_HIS,>Cluster 7,4qhi_1,1,fold_2
CYS_CYS_CYS_ASP,>Cluster 1,1zt2_2;1zt2_1;5of3_5,3,fold_1
CYS_CYS_CYS_ASP,>Cluster 2,1p3j_1;2osb_1,2,fold_2
CYS_CYS_CYS_ASP,>Cluster 3,2gvi_4,1,fold_3
CYS_CYS_CYS_ASP,>Cluster 4,1rut_2;4jcj_2;4jcj_11;4jcj_1;4kfz_1;4kfz_6;2lxd_2;2l3k_2;2l4z_2;1m3v_2;1j2o_2;2mbv_2;2l6y_3,13,fold_4
CYS_CYS_CYS_ASP,>Cluster 6,2dlo_1;2dj7_1,2,fold_1
CYS_CYS_CYS_ASP,>Cluster 7,2kbx_1,1,fold_2
CYS_CYS_CYS_ASP,>Cluster 8,2hf1_1,1,fold_3
ASP_HIS_HIS_HIS,>Cluster 1,3p24_1,1,fold_1
ASP_HIS_HIS_HIS,>Cluster 2,5br4_1;1rrm_1,2,fold_2
ASP_HIS_HIS_HIS,>Cluster 3,3b2z_14;3b2z_11;3b2z_1,3,fold_3
ASP_HIS_HIS_HIS,>Cluster 4,2mzi_3;2mzh_2;4r3v_2,3,fold_4
ASP_HIS_HIS_HIS,>Cluster 6,2cs7_2,1,fold_1
CYS_CYS_HIS_GLU,>Cluster 1,3szq_1;3spl_4;3sp4_1;3spl_3;3spd_4;3spd_1;3spd_3;3spl_2;3spl_1;3spd_2;3sp4_2;4ykl_1;4xba_1;4xba_2,14,fold_1
CYS_CYS_HIS_GLU,>Cluster 2,1vq2_2,1,fold_2
CYS_CYS_HIS_GLU,>Cluster 3,2wbt_3;2wbt_4,2,fold_3
CYS_CYS_HIS_GLU,>Cluster 4,3mhs_5,1,fold_4
CYS_CYS_HIS_GLU,>Cluster 6,2lvh_1,1,fold_1
HIS_CYS_HIS_CYS,>Cluster 1,2vqj_1;2vqm_2,2,fold_1
HIS_CYS_HIS_CYS,>Cluster 2,5txu_2,1,fold_2
HIS_CYS_HIS_CYS,>Cluster 3,3ohr_1;3lm9_1;1xc3_2,3,fold_3
HIS_CYS_HIS_CYS,>Cluster 4,5c7e_1;5c7e_3;5c7e_5;5j9k_1;5c6q_1;5j9k_2;5c7f_1;5c7e_6;5c7e_2;5c7e_4,10,fold_4
HIS_ASP_GLU,>Cluster 1,4mmo_1,1,fold_1
HIS_ASP_GLU,>Cluster 2,4o23_2;3isz_1;3isz_2,3,fold_2
HIS_ASP_GLU,>Cluster 3,3a6j_3;3a6j_6;3a6j_5;3a6j_2;3a6j_4;3a6j_1,6,fold_3
HIS_ASP_GLU,>Cluster 4,3zxo_2;3zxo_1,2,fold_4
GLU_HIS_HIS_HIS,>Cluster 1,3m4r_1,1,fold_1
GLU_HIS_HIS_HIS,>Cluster 2,1dzv_1;1dzw_1;3fua_1;1e4b_1;1fua_1;1e4c_1;1e49_1;1dzz_1;1dzy_1;1dzu_1;1dzx_1;1e4a_1,12,fold_2
GLU_HIS_HIS_HIS,>Cluster 3,3ibm_3;3ibm_4,2,fold_3
GLU_HIS_HIS_HIS,>Cluster 4,3tgn_2;3tgn_3,2,fold_4
CYS_HIS_HIS_CYS,>Cluster 1,5gof_1,1,fold_1
CYS_HIS_HIS_CYS,>Cluster 2,4l46_1;4l44_1;3wf7_1;3wf5_1;3we4_1;4l3j_1,6,fold_2
CYS_HIS_HIS_CYS,>Cluster 3,1nku_1;1p7m_1;2jg6_1;2ofi_1,4,fold_3
CYS_HIS_HIS_CYS,>Cluster 4,2vy4_1,1,fold_4
ASP_GLU_ASP,>Cluster 1,4hcc_2;4hcc_1,2,fold_1
ASP_GLU_ASP,>Cluster 2,2hbl_1;2hbm_1,2,fold_2
ASP_GLU_ASP,>Cluster 3,3g0z_1,1,fold_3
ASP_GLU_ASP,>Cluster 4,3b6p_4;3b6p_2;3b6p_1;3b6p_3,4,fold_4
CYS_HIS_CYS_ASP,>Cluster 1,3hcs_3;3hct_2;3hcu_1;2eci_1;2jmd_1,5,fold_1
CYS_HIS_CYS_ASP,>Cluster 2,5din_8;5h7s_6,2,fold_2
CYS_HIS_CYS_ASP,>Cluster 3,5vzv_1,1,fold_3
CYS_HIS_CYS_ASP,>Cluster 4,2hye_2;1u6g_2;3rtr_10;3dpl_2;4f52_6;3dqv_1;4f52_3;2lgv_2;4a0c_6;1ldk_1;1ldj_1,11,fold_4
HIS_HIS_CYS_HIS,>Cluster 1,1nyr_3,1,fold_1
HIS_HIS_CYS_HIS,>Cluster 2,5uam_3;5uam_1,2,fold_2
HIS_HIS_CYS_HIS,>Cluster 3,3rfn_1;1wxo_1;1wxo_2;1v4p_3;1v4p_2;1wxo_3;1v4p_1,7,fold_3
HIS_HIS_CYS_HIS,>Cluster 4,2l0z_2,1,fold_4
ASP_HIS_ASP_HIS,>Cluster 1,3a4y_3;3a4y_2;3a4y_4,3,fold_1
ASP_HIS_ASP_HIS,>Cluster 2,2fk6_1,1,fold_2
ASP_HIS_ASP_HIS,>Cluster 3,4kfu_7;4kfs_2;4kfu_4;4kft_4;4kft_7;4r2h_1;4r2i_1,7,fold_3
ASP_HIS_ASP_HIS,>Cluster 4,2xf4_1,1,fold_4
CYS_ASP_HIS_HIS,>Cluster 1,4tn3_4;4tn3_3;5iea_1;5iea_8;5iea_6;5iea_3;5iea_2;5iea_9;5va4_2;5k3q_1;5k3q_6;5k3q_5;5k3q_4;2yrg_1,14,fold_1
CYS_ASP_HIS_HIS,>Cluster 2,2jun_1;2dja_2;2dq5_2,3,fold_2
CYS_ASP_HIS_HIS,>Cluster 3,2csv_1,1,fold_3
CYS_ASP_HIS_HIS,>Cluster 4,2egm_2;2dif_1;2did_1,3,fold_4
CYS_HIS_GLU_CYS,>Cluster 1,1ma0_1;1ma0_5;2fze_1,3,fold_1
CYS_HIS_GLU_CYS,>Cluster 2,5k1s_3,1,fold_2
CYS_HIS_GLU_CYS,>Cluster 3,5fi5_1;2cf6_1;5fi3_1,3,fold_3
CYS_HIS_GLU_CYS,>Cluster 4,4eex_4;2hcy_5;1jvb_1;5c1k_4;2hcy_3;4w6z_1;4z6k_1;3pii_2;3pii_4,9,fold_4
